status	dataset_id	zip_path	size_bytes	seconds	blosc_arrays	blosc_chunks	message
converted	01c93cf6-b695-4e30-a26e-121ae8b16a9e	/mnt/shared-storage-user/dnacoding/wangzhongqi/Data/cellxgene/Homo_sapiens/01c93cf6-b695-4e30-a26e-121ae8b16a9e/full.zarr.zip	57866853	2.162699304521084	6	46	ok
converted	024581e3-5375-4e33-8060-d8448694f556	/mnt/shared-storage-user/dnacoding/wangzhongqi/Data/cellxgene/Homo_sapiens/024581e3-5375-4e33-8060-d8448694f556/full.zarr.zip	110674149	2.512313663959503	6	82	ok
converted	03d38670-1444-4001-bc53-9936e61d9b20	/mnt/shared-storage-user/dnacoding/wangzhongqi/Data/cellxgene/Homo_sapiens/03d38670-1444-4001-bc53-9936e61d9b20/full.zarr.zip	127189044	0.9893135540187359	3	141	ok
converted	01ff5cf0-730f-4ddc-b1be-7b407211f544	/mnt/shared-storage-user/dnacoding/wangzhongqi/Data/cellxgene/Homo_sapiens/01ff5cf0-730f-4ddc-b1be-7b407211f544/full.zarr.zip	529811902	5.292774122208357	3	543	ok
converted	06ef6b36-6c9b-4e10-8a94-d0baf274276e	/mnt/shared-storage-user/dnacoding/wangzhongqi/Data/cellxgene/Homo_sapiens/06ef6b36-6c9b-4e10-8a94-d0baf274276e/full.zarr.zip	103230442	0.8888731487095356	6	70	ok
converted	07760522-707a-4a1c-8891-dbd1226d6b27	/mnt/shared-storage-user/dnacoding/wangzhongqi/Data/cellxgene/Homo_sapiens/07760522-707a-4a1c-8891-dbd1226d6b27/full.zarr.zip	188003776	1.2829088121652603	3	207	ok
converted	01b84709-139c-4485-98a9-6e14c58fbbf6	/mnt/shared-storage-user/dnacoding/wangzhongqi/Data/cellxgene/Homo_sapiens/01b84709-139c-4485-98a9-6e14c58fbbf6/full.zarr.zip	753757292	7.55847854167223	6	530	ok
converted	077b0429-0f47-48e0-879a-39eaae531d42	/mnt/shared-storage-user/dnacoding/wangzhongqi/Data/cellxgene/Homo_sapiens/077b0429-0f47-48e0-879a-39eaae531d42/full.zarr.zip	96477378	0.7313153520226479	3	99	ok
converted	07b1d7c8-5c2e-42f7-9246-26f746cd6013	/mnt/shared-storage-user/dnacoding/wangzhongqi/Data/cellxgene/Homo_sapiens/07b1d7c8-5c2e-42f7-9246-26f746cd6013/full.zarr.zip	153405775	1.1851681992411613	3	169	ok
converted	07dd8c34-4625-480a-8ee4-273a06c3082b	/mnt/shared-storage-user/dnacoding/wangzhongqi/Data/cellxgene/Homo_sapiens/07dd8c34-4625-480a-8ee4-273a06c3082b/full.zarr.zip	93265399	0.7783216461539268	3	89	ok
converted	02792605-4760-4023-82ad-40fc4458a5db	/mnt/shared-storage-user/dnacoding/wangzhongqi/Data/cellxgene/Homo_sapiens/02792605-4760-4023-82ad-40fc4458a5db/full.zarr.zip	1298237313	9.059259857982397	6	730	ok
converted	019c7af2-c827-4454-9970-44d5e39ce068	/mnt/shared-storage-user/dnacoding/wangzhongqi/Data/cellxgene/Homo_sapiens/019c7af2-c827-4454-9970-44d5e39ce068/full.zarr.zip	1396603925	9.160694267600775	12	786	ok
converted	090da8ea-46e8-40df-bffc-1f78e1538d27	/mnt/shared-storage-user/dnacoding/wangzhongqi/Data/cellxgene/Homo_sapiens/090da8ea-46e8-40df-bffc-1f78e1538d27/full.zarr.zip	117001983	0.8627391792833805	3	129	ok
converted	095940cb-7422-4510-96e2-cbafd961eb88	/mnt/shared-storage-user/dnacoding/wangzhongqi/Data/cellxgene/Homo_sapiens/095940cb-7422-4510-96e2-cbafd961eb88/full.zarr.zip	249354464	1.721022941172123	3	271	ok
converted	030faa69-ff79-4d85-8630-7c874a114c19	/mnt/shared-storage-user/dnacoding/wangzhongqi/Data/cellxgene/Homo_sapiens/030faa69-ff79-4d85-8630-7c874a114c19/full.zarr.zip	1250984728	9.711305789649487	6	898	ok
converted	09b518f9-da64-44cc-aec8-70a89d55611f	/mnt/shared-storage-user/dnacoding/wangzhongqi/Data/cellxgene/Homo_sapiens/09b518f9-da64-44cc-aec8-70a89d55611f/full.zarr.zip	335231203	2.6238077357411385	6	250	ok
converted	0920bcb8-4b3a-4e9d-a353-56f529fd3b32	/mnt/shared-storage-user/dnacoding/wangzhongqi/Data/cellxgene/Homo_sapiens/0920bcb8-4b3a-4e9d-a353-56f529fd3b32/full.zarr.zip	597018290	4.64147512242198	6	422	ok
converted	0436a180-cb44-47ba-8ffa-807b7a468469	/mnt/shared-storage-user/dnacoding/wangzhongqi/Data/cellxgene/Homo_sapiens/0436a180-cb44-47ba-8ffa-807b7a468469/full.zarr.zip	1849386207	10.62099114432931	6	1008	ok
converted	0b4a15a7-4e9e-4555-9733-2423e5c66469	/mnt/shared-storage-user/dnacoding/wangzhongqi/Data/cellxgene/Homo_sapiens/0b4a15a7-4e9e-4555-9733-2423e5c66469/full.zarr.zip	594643810	2.3402157202363014	6	286	ok
converted	0ae6f031-2f9c-4247-8b26-db320d6efd32	/mnt/shared-storage-user/dnacoding/wangzhongqi/Data/cellxgene/Homo_sapiens/0ae6f031-2f9c-4247-8b26-db320d6efd32/full.zarr.zip	781548076	3.8342358097434044	6	470	ok
converted	0a2d7e87-c3c0-4ed2-86df-ae18811fcc16	/mnt/shared-storage-user/dnacoding/wangzhongqi/Data/cellxgene/Homo_sapiens/0a2d7e87-c3c0-4ed2-86df-ae18811fcc16/full.zarr.zip	813227527	6.063375785946846	6	522	ok
converted	0bae7ebf-eb54-46a6-be9a-3461cecefa4c	/mnt/shared-storage-user/dnacoding/wangzhongqi/Data/cellxgene/Homo_sapiens/0bae7ebf-eb54-46a6-be9a-3461cecefa4c/full.zarr.zip	414780488	2.212630018591881	6	252	ok
converted	093d3bfe-6f0f-4ac0-a7a1-829f94d0a49f	/mnt/shared-storage-user/dnacoding/wangzhongqi/Data/cellxgene/Homo_sapiens/093d3bfe-6f0f-4ac0-a7a1-829f94d0a49f/full.zarr.zip	1941948586	9.737107776105404	6	1122	ok
converted	0c9a8cfb-6649-4d52-b418-6d8e56bd7afe	/mnt/shared-storage-user/dnacoding/wangzhongqi/Data/cellxgene/Homo_sapiens/0c9a8cfb-6649-4d52-b418-6d8e56bd7afe/full.zarr.zip	14113560	0.1827107109129429	6	10	ok
converted	0de831e0-a525-4ec5-b717-df56f2de2bf0	/mnt/shared-storage-user/dnacoding/wangzhongqi/Data/cellxgene/Homo_sapiens/0de831e0-a525-4ec5-b717-df56f2de2bf0/full.zarr.zip	585475041	2.60230765491724	7	263	ok
converted	0bf30b02-db97-4560-b9cd-0fe3588892af	/mnt/shared-storage-user/dnacoding/wangzhongqi/Data/cellxgene/Homo_sapiens/0bf30b02-db97-4560-b9cd-0fe3588892af/full.zarr.zip	569923972	4.874031104147434	6	668	ok
converted	0ee5ae70-c3f5-473f-bd1c-287f4690ffc5	/mnt/shared-storage-user/dnacoding/wangzhongqi/Data/cellxgene/Homo_sapiens/0ee5ae70-c3f5-473f-bd1c-287f4690ffc5/full.zarr.zip	51738051	0.44130733236670494	3	57	ok
converted	0f4865d5-8000-4f68-8ac7-f5efea9e5e70	/mnt/shared-storage-user/dnacoding/wangzhongqi/Data/cellxgene/Homo_sapiens/0f4865d5-8000-4f68-8ac7-f5efea9e5e70/full.zarr.zip	279936378	2.5726291984319687	6	230	ok
converted	108c2b65-4ea9-4792-8b5b-451842faf35b	/mnt/shared-storage-user/dnacoding/wangzhongqi/Data/cellxgene/Homo_sapiens/108c2b65-4ea9-4792-8b5b-451842faf35b/full.zarr.zip	271983064	1.8317209482192993	3	271	ok
converted	10c0c666-bd99-4a5c-b697-f1be835f5427	/mnt/shared-storage-user/dnacoding/wangzhongqi/Data/cellxgene/Homo_sapiens/10c0c666-bd99-4a5c-b697-f1be835f5427/full.zarr.zip	1045042482	6.7776939868927	6	574	ok
converted	0df5d172-5888-4cec-9a96-e637636bbfef	/mnt/shared-storage-user/dnacoding/wangzhongqi/Data/cellxgene/Homo_sapiens/0df5d172-5888-4cec-9a96-e637636bbfef/full.zarr.zip	1551917065	12.13310306891799	6	1360	ok
converted	1196334f-a441-474a-95ee-400780941690	/mnt/shared-storage-user/dnacoding/wangzhongqi/Data/cellxgene/Homo_sapiens/1196334f-a441-474a-95ee-400780941690/full.zarr.zip	328008478	2.166247632354498	6	338	ok
converted	1185a7d3-a9c1-4280-9ba5-d61895b15cac	/mnt/shared-storage-user/dnacoding/wangzhongqi/Data/cellxgene/Homo_sapiens/1185a7d3-a9c1-4280-9ba5-d61895b15cac/full.zarr.zip	370427123	2.5282949693500996	3	399	ok
converted	01ad3cd7-3929-4654-84c0-6db05bd5fd59	/mnt/shared-storage-user/dnacoding/wangzhongqi/Data/cellxgene/Homo_sapiens/01ad3cd7-3929-4654-84c0-6db05bd5fd59/full.zarr.zip	6632941702	36.488046642392874	6	3050	ok
converted	0a8e3443-c3e2-4918-84db-0495657d9175	/mnt/shared-storage-user/dnacoding/wangzhongqi/Data/cellxgene/Homo_sapiens/0a8e3443-c3e2-4918-84db-0495657d9175/full.zarr.zip	3957481573	25.004368122667074	3	4075	ok
converted	124744b8-4681-474a-9894-683896122708	/mnt/shared-storage-user/dnacoding/wangzhongqi/Data/cellxgene/Homo_sapiens/124744b8-4681-474a-9894-683896122708/full.zarr.zip	115612266	1.0735110118985176	6	82	ok
converted	0bc7235a-ae5a-479d-a487-510435377e55	/mnt/shared-storage-user/dnacoding/wangzhongqi/Data/cellxgene/Homo_sapiens/0bc7235a-ae5a-479d-a487-510435377e55/full.zarr.zip	3094803777	21.073604997247458	6	1990	ok
converted	137ca42b-33b3-48fa-ae80-02a0747027cb	/mnt/shared-storage-user/dnacoding/wangzhongqi/Data/cellxgene/Homo_sapiens/137ca42b-33b3-48fa-ae80-02a0747027cb/full.zarr.zip	179432871	1.5437352433800697	6	134	ok
converted	12c3efd8-d515-42e6-b93c-4961e599d524	/mnt/shared-storage-user/dnacoding/wangzhongqi/Data/cellxgene/Homo_sapiens/12c3efd8-d515-42e6-b93c-4961e599d524/full.zarr.zip	355536664	2.7384644709527493	6	238	ok
converted	13b61a7d-5605-4948-ba48-02c588960143	/mnt/shared-storage-user/dnacoding/wangzhongqi/Data/cellxgene/Homo_sapiens/13b61a7d-5605-4948-ba48-02c588960143/full.zarr.zip	300106424	2.425211690366268	6	210	ok
converted	14363b6e-3428-45b0-8704-10fd5d6316df	/mnt/shared-storage-user/dnacoding/wangzhongqi/Data/cellxgene/Homo_sapiens/14363b6e-3428-45b0-8704-10fd5d6316df/full.zarr.zip	108820894	1.002260148525238	6	78	ok
converted	149b2c3f-ee11-47a7-984b-923570280bd7	/mnt/shared-storage-user/dnacoding/wangzhongqi/Data/cellxgene/Homo_sapiens/149b2c3f-ee11-47a7-984b-923570280bd7/full.zarr.zip	30974002	0.22638677433133125	7	29	ok
converted	11ff73e8-d3e4-4445-9309-477a2c5be6f6	/mnt/shared-storage-user/dnacoding/wangzhongqi/Data/cellxgene/Homo_sapiens/11ff73e8-d3e4-4445-9309-477a2c5be6f6/full.zarr.zip	978741464	7.236731205135584	6	678	ok
converted	145dcf6a-2461-4fa3-a0af-7fc56db0bd33	/mnt/shared-storage-user/dnacoding/wangzhongqi/Data/cellxgene/Homo_sapiens/145dcf6a-2461-4fa3-a0af-7fc56db0bd33/full.zarr.zip	993670971	6.448642652481794	3	1009	ok
converted	171b03c9-516b-499c-a434-fa4f70191988	/mnt/shared-storage-user/dnacoding/wangzhongqi/Data/cellxgene/Homo_sapiens/171b03c9-516b-499c-a434-fa4f70191988/full.zarr.zip	704394155	2.8697643242776394	7	318	ok
converted	182f6a56-7360-4924-a74e-1772e07b3031	/mnt/shared-storage-user/dnacoding/wangzhongqi/Data/cellxgene/Homo_sapiens/182f6a56-7360-4924-a74e-1772e07b3031/full.zarr.zip	277390150	1.9914321713149548	3	303	ok
converted	17e9d436-a264-4c94-a42d-48c8daf6fdd9	/mnt/shared-storage-user/dnacoding/wangzhongqi/Data/cellxgene/Homo_sapiens/17e9d436-a264-4c94-a42d-48c8daf6fdd9/full.zarr.zip	604227400	3.1090323515236378	6	360	ok
converted	15d374d6-0dfd-4d8e-ade7-81f73dc921ee	/mnt/shared-storage-user/dnacoding/wangzhongqi/Data/cellxgene/Homo_sapiens/15d374d6-0dfd-4d8e-ade7-81f73dc921ee/full.zarr.zip	1527298399	9.21595536544919	6	902	ok
converted	18500fcd-9960-49cb-8a8e-7d868dc14efe	/mnt/shared-storage-user/dnacoding/wangzhongqi/Data/cellxgene/Homo_sapiens/18500fcd-9960-49cb-8a8e-7d868dc14efe/full.zarr.zip	320527495	1.9947501718997955	3	343	ok
converted	0c0c49a2-b96b-432f-98a4-1decf9929149	/mnt/shared-storage-user/dnacoding/wangzhongqi/Data/cellxgene/Homo_sapiens/0c0c49a2-b96b-432f-98a4-1decf9929149/full.zarr.zip	4275521883	38.712729066610336	3	4357	ok
converted	19b21f40-db42-4a71-a0d6-913e83b17784	/mnt/shared-storage-user/dnacoding/wangzhongqi/Data/cellxgene/Homo_sapiens/19b21f40-db42-4a71-a0d6-913e83b17784/full.zarr.zip	308348829	2.236981052905321	3	335	ok
converted	1873a18a-66fd-4a4d-8277-a872c93f5b59	/mnt/shared-storage-user/dnacoding/wangzhongqi/Data/cellxgene/Homo_sapiens/1873a18a-66fd-4a4d-8277-a872c93f5b59/full.zarr.zip	1806229030	10.503992080688477	6	1016	ok
converted	19e46756-9100-4e01-8b0e-23b557558a4c	/mnt/shared-storage-user/dnacoding/wangzhongqi/Data/cellxgene/Homo_sapiens/19e46756-9100-4e01-8b0e-23b557558a4c/full.zarr.zip	407429651	3.3474779278039932	6	302	ok
converted	1a018108-b4b6-457b-ba15-046d5e98c169	/mnt/shared-storage-user/dnacoding/wangzhongqi/Data/cellxgene/Homo_sapiens/1a018108-b4b6-457b-ba15-046d5e98c169/full.zarr.zip	95873123	0.7162018306553364	3	103	ok
converted	19f1bec6-eeb7-4133-accc-992d745fef89	/mnt/shared-storage-user/dnacoding/wangzhongqi/Data/cellxgene/Homo_sapiens/19f1bec6-eeb7-4133-accc-992d745fef89/full.zarr.zip	1264081554	9.711880654096603	6	1026	ok
converted	1a2e3350-28a8-4f49-b33c-5b67ceb001f6	/mnt/shared-storage-user/dnacoding/wangzhongqi/Data/cellxgene/Homo_sapiens/1a2e3350-28a8-4f49-b33c-5b67ceb001f6/full.zarr.zip	1524828536	6.973359506577253	6	870	ok
converted	16023185-de21-4c0d-a9c8-73abdd52d142	/mnt/shared-storage-user/dnacoding/wangzhongqi/Data/cellxgene/Homo_sapiens/16023185-de21-4c0d-a9c8-73abdd52d142/full.zarr.zip	4626030422	33.08432040736079	6	3046	ok
converted	18e2a8c5-33f7-455e-a58a-b2ba6921db27	/mnt/shared-storage-user/dnacoding/wangzhongqi/Data/cellxgene/Homo_sapiens/18e2a8c5-33f7-455e-a58a-b2ba6921db27/full.zarr.zip	3139437585	25.134594324976206	6	2354	ok
converted	1a974af7-8b4b-4abb-8aba-23e2979d9518	/mnt/shared-storage-user/dnacoding/wangzhongqi/Data/cellxgene/Homo_sapiens/1a974af7-8b4b-4abb-8aba-23e2979d9518/full.zarr.zip	1678041254	6.909610092639923	7	725	ok
converted	1ab4ebbc-18d6-4838-89c2-cdc5b10accfb	/mnt/shared-storage-user/dnacoding/wangzhongqi/Data/cellxgene/Homo_sapiens/1ab4ebbc-18d6-4838-89c2-cdc5b10accfb/full.zarr.zip	1439911071	10.785793349146843	6	982	ok
converted	0ba636a1-4754-4786-a8be-7ab3cf760fd6	/mnt/shared-storage-user/dnacoding/wangzhongqi/Data/cellxgene/Homo_sapiens/0ba636a1-4754-4786-a8be-7ab3cf760fd6/full.zarr.zip	10012222785	71.99797489866614	6	6598	ok
converted	1b767f95-d0a0-4a3d-b394-cc665d86c3dc	/mnt/shared-storage-user/dnacoding/wangzhongqi/Data/cellxgene/Homo_sapiens/1b767f95-d0a0-4a3d-b394-cc665d86c3dc/full.zarr.zip	317231229	2.2303938306868076	3	345	ok
converted	1c53ef1e-45c7-4498-be59-6797f3950875	/mnt/shared-storage-user/dnacoding/wangzhongqi/Data/cellxgene/Homo_sapiens/1c53ef1e-45c7-4498-be59-6797f3950875/full.zarr.zip	3366642871	16.264416955411434	6	1922	ok
converted	0129dbd9-a7d3-4f6b-96b9-1da155a93748	/mnt/shared-storage-user/dnacoding/wangzhongqi/Data/cellxgene/Homo_sapiens/0129dbd9-a7d3-4f6b-96b9-1da155a93748/full.zarr.zip	22039728663	113.85560527071357	6	8546	ok
converted	13149914-ea03-4f01-8bf6-b793b667127b	/mnt/shared-storage-user/dnacoding/wangzhongqi/Data/cellxgene/Homo_sapiens/13149914-ea03-4f01-8bf6-b793b667127b/full.zarr.zip	10087343784	77.82794955000281	3	10053	ok
converted	1b9d8702-5af8-4142-85ed-020eb06ec4f6	/mnt/shared-storage-user/dnacoding/wangzhongqi/Data/cellxgene/Homo_sapiens/1b9d8702-5af8-4142-85ed-020eb06ec4f6/full.zarr.zip	3669289746	29.49550500139594	6	2546	ok
converted	1cf24082-59de-4029-ac81-6e398768af3a	/mnt/shared-storage-user/dnacoding/wangzhongqi/Data/cellxgene/Homo_sapiens/1cf24082-59de-4029-ac81-6e398768af3a/full.zarr.zip	291070430	2.2138589434325695	3	317	ok
converted	1e4214ce-7347-4ec7-97b3-fcf7c1938e8b	/mnt/shared-storage-user/dnacoding/wangzhongqi/Data/cellxgene/Homo_sapiens/1e4214ce-7347-4ec7-97b3-fcf7c1938e8b/full.zarr.zip	276950994	1.3099643923342228	6	178	ok
converted	1e5bd3b8-6a0e-4959-8d69-cafed30fe814	/mnt/shared-storage-user/dnacoding/wangzhongqi/Data/cellxgene/Homo_sapiens/1e5bd3b8-6a0e-4959-8d69-cafed30fe814/full.zarr.zip	400618685	3.248138502240181	6	278	ok
converted	1c739a3e-c3f5-49d5-98e0-73975e751201	/mnt/shared-storage-user/dnacoding/wangzhongqi/Data/cellxgene/Homo_sapiens/1c739a3e-c3f5-49d5-98e0-73975e751201/full.zarr.zip	2152856034	16.57150448858738	6	1542	ok
converted	1f1c5c14-5949-4c81-b28e-b272e271b672	/mnt/shared-storage-user/dnacoding/wangzhongqi/Data/cellxgene/Homo_sapiens/1f1c5c14-5949-4c81-b28e-b272e271b672/full.zarr.zip	115885267	1.103446338325739	6	82	ok
converted	1a38e762-2465-418f-b81c-6a4bce261c34	/mnt/shared-storage-user/dnacoding/wangzhongqi/Data/cellxgene/Homo_sapiens/1a38e762-2465-418f-b81c-6a4bce261c34/full.zarr.zip	7003652609	51.593287996947765	6	4942	ok
converted	203025fe-fa99-4d57-81da-458ed8f0c334	/mnt/shared-storage-user/dnacoding/wangzhongqi/Data/cellxgene/Homo_sapiens/203025fe-fa99-4d57-81da-458ed8f0c334/full.zarr.zip	713504028	4.635374531149864	6	478	ok
converted	21722308-5091-4b63-9c07-4f116ab9a7b3	/mnt/shared-storage-user/dnacoding/wangzhongqi/Data/cellxgene/Homo_sapiens/21722308-5091-4b63-9c07-4f116ab9a7b3/full.zarr.zip	1260473347	8.07253511250019	3	1279	ok
converted	1d89d081-f43d-401a-be76-bd6ef9259f4e	/mnt/shared-storage-user/dnacoding/wangzhongqi/Data/cellxgene/Homo_sapiens/1d89d081-f43d-401a-be76-bd6ef9259f4e/full.zarr.zip	2191407026	14.64124171808362	6	1390	ok
converted	22658f4f-9268-41ad-8828-cc53f4baa9fa	/mnt/shared-storage-user/dnacoding/wangzhongqi/Data/cellxgene/Homo_sapiens/22658f4f-9268-41ad-8828-cc53f4baa9fa/full.zarr.zip	134122861	0.966577734798193	3	141	ok
converted	234c23d0-d6cd-4612-a40d-e5811727564b	/mnt/shared-storage-user/dnacoding/wangzhongqi/Data/cellxgene/Homo_sapiens/234c23d0-d6cd-4612-a40d-e5811727564b/full.zarr.zip	499388411	2.773773603141308	6	254	ok
converted	1a9f3b38-b86d-416d-bbdc-9058ad3ff42d	/mnt/shared-storage-user/dnacoding/wangzhongqi/Data/cellxgene/Homo_sapiens/1a9f3b38-b86d-416d-bbdc-9058ad3ff42d/full.zarr.zip	8885126287	65.94477902725339	6	5992	ok
converted	248cf7bf-508b-4c28-a2fd-cabe2ab956aa	/mnt/shared-storage-user/dnacoding/wangzhongqi/Data/cellxgene/Homo_sapiens/248cf7bf-508b-4c28-a2fd-cabe2ab956aa/full.zarr.zip	75200946	0.7312564849853516	6	54	ok
converted	242c6e7f-9016-4048-af70-d631f5eea188	/mnt/shared-storage-user/dnacoding/wangzhongqi/Data/cellxgene/Homo_sapiens/242c6e7f-9016-4048-af70-d631f5eea188/full.zarr.zip	1218074824	9.326681651175022	6	838	ok
converted	21d3e683-80a4-4d9b-bc89-ebb2df513dde	/mnt/shared-storage-user/dnacoding/wangzhongqi/Data/cellxgene/Homo_sapiens/21d3e683-80a4-4d9b-bc89-ebb2df513dde/full.zarr.zip	2094406814	16.408703096210957	6	1454	ok
converted	251b1a7e-d050-4486-8d50-4c2619eb0f46	/mnt/shared-storage-user/dnacoding/wangzhongqi/Data/cellxgene/Homo_sapiens/251b1a7e-d050-4486-8d50-4c2619eb0f46/full.zarr.zip	962857081	5.924983721226454	3	1009	ok
converted	2672b679-8048-4f5e-9786-f1b196ccfd08	/mnt/shared-storage-user/dnacoding/wangzhongqi/Data/cellxgene/Homo_sapiens/2672b679-8048-4f5e-9786-f1b196ccfd08/full.zarr.zip	394559065	3.3101101517677307	6	338	ok
converted	2727d83a-0af0-443a-bff8-58dc7028289a	/mnt/shared-storage-user/dnacoding/wangzhongqi/Data/cellxgene/Homo_sapiens/2727d83a-0af0-443a-bff8-58dc7028289a/full.zarr.zip	101098557	0.6620104238390923	3	93	ok
converted	27d3952f-fbbc-497d-98d1-f37f3d555235	/mnt/shared-storage-user/dnacoding/wangzhongqi/Data/cellxgene/Homo_sapiens/27d3952f-fbbc-497d-98d1-f37f3d555235/full.zarr.zip	173540533	1.1411336325109005	6	116	ok
converted	2856d06c-0ff9-4e01-bfc9-202b74d0b60f	/mnt/shared-storage-user/dnacoding/wangzhongqi/Data/cellxgene/Homo_sapiens/2856d06c-0ff9-4e01-bfc9-202b74d0b60f/full.zarr.zip	247884794	1.5955169349908829	3	259	ok
converted	27d91086-cfe3-4e33-9282-bd1246e5ce8e	/mnt/shared-storage-user/dnacoding/wangzhongqi/Data/cellxgene/Homo_sapiens/27d91086-cfe3-4e33-9282-bd1246e5ce8e/full.zarr.zip	468654679	3.177362620830536	3	503	ok
converted	2872f4b0-b171-46e2-abc6-befcf6de6306	/mnt/shared-storage-user/dnacoding/wangzhongqi/Data/cellxgene/Homo_sapiens/2872f4b0-b171-46e2-abc6-befcf6de6306/full.zarr.zip	334689263	2.7932098731398582	6	234	ok
converted	2a65bd41-4a3f-42f4-98b2-c53962811152	/mnt/shared-storage-user/dnacoding/wangzhongqi/Data/cellxgene/Homo_sapiens/2a65bd41-4a3f-42f4-98b2-c53962811152/full.zarr.zip	102756110	0.9419050700962543	6	74	ok
converted	2a8ca8f3-5599-4cda-b973-3a2dfc3c1fe6	/mnt/shared-storage-user/dnacoding/wangzhongqi/Data/cellxgene/Homo_sapiens/2a8ca8f3-5599-4cda-b973-3a2dfc3c1fe6/full.zarr.zip	134852062	0.9452648013830185	3	141	ok
converted	1fc48734-35ee-4372-885c-95fd2674c75a	/mnt/shared-storage-user/dnacoding/wangzhongqi/Data/cellxgene/Homo_sapiens/1fc48734-35ee-4372-885c-95fd2674c75a/full.zarr.zip	7827487858	31.78022814542055	7	3278	ok
converted	29244e1d-02e6-4133-b411-516ef7474638	/mnt/shared-storage-user/dnacoding/wangzhongqi/Data/cellxgene/Homo_sapiens/29244e1d-02e6-4133-b411-516ef7474638/full.zarr.zip	1724853970	9.748171471059322	3	1499	ok
converted	19053a82-9c89-4fb8-bd19-d7b1800b0b7b	/mnt/shared-storage-user/dnacoding/wangzhongqi/Data/cellxgene/Homo_sapiens/19053a82-9c89-4fb8-bd19-d7b1800b0b7b/full.zarr.zip	13752789261	108.68040917441249	6	9270	ok
converted	2dc198e1-e0a6-4e88-b7a3-4b66be7e4a4a	/mnt/shared-storage-user/dnacoding/wangzhongqi/Data/cellxgene/Homo_sapiens/2dc198e1-e0a6-4e88-b7a3-4b66be7e4a4a/full.zarr.zip	111181556	1.0487966127693653	6	86	ok
converted	2dd9d7a2-4bee-4c3f-a1f5-89bc3271c4f0	/mnt/shared-storage-user/dnacoding/wangzhongqi/Data/cellxgene/Homo_sapiens/2dd9d7a2-4bee-4c3f-a1f5-89bc3271c4f0/full.zarr.zip	231095145	1.8149116337299347	6	166	ok
converted	2adb1f8a-a6b1-4909-8ee8-484814e2d4bf	/mnt/shared-storage-user/dnacoding/wangzhongqi/Data/cellxgene/Homo_sapiens/2adb1f8a-a6b1-4909-8ee8-484814e2d4bf/full.zarr.zip	1450946871	12.19303873181343	6	1158	ok
converted	2e9d2f32-4cfb-49b5-b990-cbf4c241214e	/mnt/shared-storage-user/dnacoding/wangzhongqi/Data/cellxgene/Homo_sapiens/2e9d2f32-4cfb-49b5-b990-cbf4c241214e/full.zarr.zip	610420727	3.3692792765796185	6	322	ok
converted	2f05ab20-a092-4bab-9276-3e0eb24e3fee	/mnt/shared-storage-user/dnacoding/wangzhongqi/Data/cellxgene/Homo_sapiens/2f05ab20-a092-4bab-9276-3e0eb24e3fee/full.zarr.zip	535083664	2.7089304216206074	6	322	ok
converted	2f6a20f1-173d-4b8d-860b-c47ffea120fa	/mnt/shared-storage-user/dnacoding/wangzhongqi/Data/cellxgene/Homo_sapiens/2f6a20f1-173d-4b8d-860b-c47ffea120fa/full.zarr.zip	17536921	0.2832103781402111	6	18	ok
converted	2f7230e7-4706-4924-b571-473fc1e52c30	/mnt/shared-storage-user/dnacoding/wangzhongqi/Data/cellxgene/Homo_sapiens/2f7230e7-4706-4924-b571-473fc1e52c30/full.zarr.zip	78047190	0.729280523955822	6	58	ok
converted	2a498ace-872a-4935-984b-1afa70fd9886	/mnt/shared-storage-user/dnacoding/wangzhongqi/Data/cellxgene/Homo_sapiens/2a498ace-872a-4935-984b-1afa70fd9886/full.zarr.zip	3909890133	18.893525552004576	6	2260	ok
converted	2f132ec9-24b5-422f-9be0-ccef03b4fe28	/mnt/shared-storage-user/dnacoding/wangzhongqi/Data/cellxgene/Homo_sapiens/2f132ec9-24b5-422f-9be0-ccef03b4fe28/full.zarr.zip	384430723	3.031425390392542	6	302	ok
converted	2c820d53-cbd7-4e0a-be7a-a0ad1989a98f	/mnt/shared-storage-user/dnacoding/wangzhongqi/Data/cellxgene/Homo_sapiens/2c820d53-cbd7-4e0a-be7a-a0ad1989a98f/full.zarr.zip	2679745132	17.913407158106565	3	2759	ok
converted	30f5e171-83d7-4fc0-bf75-384f122346b3	/mnt/shared-storage-user/dnacoding/wangzhongqi/Data/cellxgene/Homo_sapiens/30f5e171-83d7-4fc0-bf75-384f122346b3/full.zarr.zip	107641183	0.5928918793797493	6	62	ok
converted	30cd5311-6c09-46c9-94f1-71fe4b91813c	/mnt/shared-storage-user/dnacoding/wangzhongqi/Data/cellxgene/Homo_sapiens/30cd5311-6c09-46c9-94f1-71fe4b91813c/full.zarr.zip	1181567530	8.164958734065294	6	806	ok
converted	218acb0f-9f2f-4f76-b90b-15a4b7c7f629	/mnt/shared-storage-user/dnacoding/wangzhongqi/Data/cellxgene/Homo_sapiens/218acb0f-9f2f-4f76-b90b-15a4b7c7f629/full.zarr.zip	10464506451	51.71246275678277	6	6774	ok
converted	30c2a6fd-d547-460f-a5e7-44c62a2af7ad	/mnt/shared-storage-user/dnacoding/wangzhongqi/Data/cellxgene/Homo_sapiens/30c2a6fd-d547-460f-a5e7-44c62a2af7ad/full.zarr.zip	1202506351	9.38509652018547	6	918	ok
converted	3079e9b0-c6db-45c8-b998-a4555a73968e	/mnt/shared-storage-user/dnacoding/wangzhongqi/Data/cellxgene/Homo_sapiens/3079e9b0-c6db-45c8-b998-a4555a73968e/full.zarr.zip	2558896117	9.695412155240774	7	1021	ok
converted	31285bcd-9a28-48ce-8cc0-543af80261d3	/mnt/shared-storage-user/dnacoding/wangzhongqi/Data/cellxgene/Homo_sapiens/31285bcd-9a28-48ce-8cc0-543af80261d3/full.zarr.zip	867228846	3.106377851217985	7	342	ok
converted	31f04740-c712-4c4b-a3f8-55c0506b3034	/mnt/shared-storage-user/dnacoding/wangzhongqi/Data/cellxgene/Homo_sapiens/31f04740-c712-4c4b-a3f8-55c0506b3034/full.zarr.zip	385157507	2.882886089384556	3	413	ok
converted	2ac76f1b-43ef-4271-8686-2f165570989f	/mnt/shared-storage-user/dnacoding/wangzhongqi/Data/cellxgene/Homo_sapiens/2ac76f1b-43ef-4271-8686-2f165570989f/full.zarr.zip	6639508008	28.618562426418066	6	3596	ok
converted	3241c34f-581a-4de3-81fe-28e3de182680	/mnt/shared-storage-user/dnacoding/wangzhongqi/Data/cellxgene/Homo_sapiens/3241c34f-581a-4de3-81fe-28e3de182680/full.zarr.zip	170960653	1.4852284602820873	6	118	ok
converted	343ff97c-85df-494b-8400-beb937618611	/mnt/shared-storage-user/dnacoding/wangzhongqi/Data/cellxgene/Homo_sapiens/343ff97c-85df-494b-8400-beb937618611/full.zarr.zip	144652630	0.8840073719620705	6	90	ok
converted	322c816f-608a-4da1-99c4-36ca4ad45146	/mnt/shared-storage-user/dnacoding/wangzhongqi/Data/cellxgene/Homo_sapiens/322c816f-608a-4da1-99c4-36ca4ad45146/full.zarr.zip	495553914	4.044551569968462	6	358	ok
converted	31f657dc-1875-4c4b-a5ca-ce63b3ef3a82	/mnt/shared-storage-user/dnacoding/wangzhongqi/Data/cellxgene/Homo_sapiens/31f657dc-1875-4c4b-a5ca-ce63b3ef3a82/full.zarr.zip	1076824430	6.5767553225159645	6	642	ok
converted	35c8a04c-8639-4d15-8228-765d8d93fc96	/mnt/shared-storage-user/dnacoding/wangzhongqi/Data/cellxgene/Homo_sapiens/35c8a04c-8639-4d15-8228-765d8d93fc96/full.zarr.zip	148343244	1.1183311305940151	3	163	ok
converted	364348b4-bc34-4fe1-a851-60d99e36cafa	/mnt/shared-storage-user/dnacoding/wangzhongqi/Data/cellxgene/Homo_sapiens/364348b4-bc34-4fe1-a851-60d99e36cafa/full.zarr.zip	93739056	0.6683062352240086	3	101	ok
converted	314ab602-8c17-449d-bcc6-ec9e79a6cf18	/mnt/shared-storage-user/dnacoding/wangzhongqi/Data/cellxgene/Homo_sapiens/314ab602-8c17-449d-bcc6-ec9e79a6cf18/full.zarr.zip	1919518178	13.204885303974152	6	1230	ok
converted	367b55f4-d543-49aa-90e8-4765fcb8c687	/mnt/shared-storage-user/dnacoding/wangzhongqi/Data/cellxgene/Homo_sapiens/367b55f4-d543-49aa-90e8-4765fcb8c687/full.zarr.zip	269781490	1.7042082361876965	3	283	ok
converted	1b350d0a-4535-4879-beb6-1142f3f94947	/mnt/shared-storage-user/dnacoding/wangzhongqi/Data/cellxgene/Homo_sapiens/1b350d0a-4535-4879-beb6-1142f3f94947/full.zarr.zip	14671649895	115.57717229798436	6	9474	ok
converted	34229bdc-a895-4394-8820-574e4028d8c6	/mnt/shared-storage-user/dnacoding/wangzhongqi/Data/cellxgene/Homo_sapiens/34229bdc-a895-4394-8820-574e4028d8c6/full.zarr.zip	3141106626	12.766459498554468	7	1326	ok
converted	3294d050-6eeb-4a00-b24c-71aacc9b777f	/mnt/shared-storage-user/dnacoding/wangzhongqi/Data/cellxgene/Homo_sapiens/3294d050-6eeb-4a00-b24c-71aacc9b777f/full.zarr.zip	1148151733	13.421414114534855	6	1132	ok
converted	381aa407-317a-40ef-8048-7ce0eacc4266	/mnt/shared-storage-user/dnacoding/wangzhongqi/Data/cellxgene/Homo_sapiens/381aa407-317a-40ef-8048-7ce0eacc4266/full.zarr.zip	144441017	1.0503201372921467	3	159	ok
converted	38a78e91-e361-45c8-bae3-1d6d5108d18e	/mnt/shared-storage-user/dnacoding/wangzhongqi/Data/cellxgene/Homo_sapiens/38a78e91-e361-45c8-bae3-1d6d5108d18e/full.zarr.zip	252637136	1.7030875384807587	3	249	ok
converted	390b376d-8857-4b4b-991f-0d7326938172	/mnt/shared-storage-user/dnacoding/wangzhongqi/Data/cellxgene/Homo_sapiens/390b376d-8857-4b4b-991f-0d7326938172/full.zarr.zip	356197481	1.5936232954263687	7	161	ok
converted	39ed7d98-676d-4b8d-9d0a-0f3b60914ead	/mnt/shared-storage-user/dnacoding/wangzhongqi/Data/cellxgene/Homo_sapiens/39ed7d98-676d-4b8d-9d0a-0f3b60914ead/full.zarr.zip	187589643	1.4286161921918392	3	207	ok
converted	3a702020-cf66-4ef5-9d11-4a5e835b7efb	/mnt/shared-storage-user/dnacoding/wangzhongqi/Data/cellxgene/Homo_sapiens/3a702020-cf66-4ef5-9d11-4a5e835b7efb/full.zarr.zip	403487658	3.024744935333729	6	270	ok
converted	37b21763-7f0f-41ae-9001-60bad6e2841d	/mnt/shared-storage-user/dnacoding/wangzhongqi/Data/cellxgene/Homo_sapiens/37b21763-7f0f-41ae-9001-60bad6e2841d/full.zarr.zip	1045296421	7.583065800368786	6	694	ok
converted	3a8aec06-3309-4d37-b75d-c59f5f6d55a6	/mnt/shared-storage-user/dnacoding/wangzhongqi/Data/cellxgene/Homo_sapiens/3a8aec06-3309-4d37-b75d-c59f5f6d55a6/full.zarr.zip	697281027	5.789324544370174	6	554	ok
converted	3bfd5174-5b49-4e58-b233-ed0f4edd0bec	/mnt/shared-storage-user/dnacoding/wangzhongqi/Data/cellxgene/Homo_sapiens/3bfd5174-5b49-4e58-b233-ed0f4edd0bec/full.zarr.zip	750420520	3.8017739206552505	6	454	ok
converted	3b8b5de4-3aa1-4ac6-8890-8d03c8219981	/mnt/shared-storage-user/dnacoding/wangzhongqi/Data/cellxgene/Homo_sapiens/3b8b5de4-3aa1-4ac6-8890-8d03c8219981/full.zarr.zip	2437921346	16.456246189773083	6	1562	ok
converted	34f5307e-7b4d-4a48-b68f-2ba844c6414b	/mnt/shared-storage-user/dnacoding/wangzhongqi/Data/cellxgene/Homo_sapiens/34f5307e-7b4d-4a48-b68f-2ba844c6414b/full.zarr.zip	4673902830	37.3826105222106	6	3834	ok
converted	3966ba97-beb8-4d0b-9954-d3775cd2cd61	/mnt/shared-storage-user/dnacoding/wangzhongqi/Data/cellxgene/Homo_sapiens/3966ba97-beb8-4d0b-9954-d3775cd2cd61/full.zarr.zip	5650679981	27.155175387859344	6	2870	ok
converted	364bd0c7-f7fd-48ed-99c1-ae26872b1042	/mnt/shared-storage-user/dnacoding/wangzhongqi/Data/cellxgene/Homo_sapiens/364bd0c7-f7fd-48ed-99c1-ae26872b1042/full.zarr.zip	6833305819	37.974636267870665	6	4154	ok
converted	3c75a463-6a87-4132-83a8-c3002624394d	/mnt/shared-storage-user/dnacoding/wangzhongqi/Data/cellxgene/Homo_sapiens/3c75a463-6a87-4132-83a8-c3002624394d/full.zarr.zip	881548909	6.217565771192312	6	566	ok
converted	3de0ad6d-4378-4f62-b37b-ec0b75a50d94	/mnt/shared-storage-user/dnacoding/wangzhongqi/Data/cellxgene/Homo_sapiens/3de0ad6d-4378-4f62-b37b-ec0b75a50d94/full.zarr.zip	391911775	3.2989046201109886	6	298	ok
converted	3e524d45-2265-4440-b903-3c30d51a0b17	/mnt/shared-storage-user/dnacoding/wangzhongqi/Data/cellxgene/Homo_sapiens/3e524d45-2265-4440-b903-3c30d51a0b17/full.zarr.zip	484872190	3.5541048608720303	6	318	ok
converted	3c361813-5d5e-4868-bfe5-e7591e7b5381	/mnt/shared-storage-user/dnacoding/wangzhongqi/Data/cellxgene/Homo_sapiens/3c361813-5d5e-4868-bfe5-e7591e7b5381/full.zarr.zip	2838769556	22.331198878586292	6	2082	ok
converted	3dc61ca1-ce40-46b6-8337-f27260fd9a03	/mnt/shared-storage-user/dnacoding/wangzhongqi/Data/cellxgene/Homo_sapiens/3dc61ca1-ce40-46b6-8337-f27260fd9a03/full.zarr.zip	1130179262	8.408580169081688	6	796	ok
converted	3e55180c-780a-4424-9434-5296640ffc0d	/mnt/shared-storage-user/dnacoding/wangzhongqi/Data/cellxgene/Homo_sapiens/3e55180c-780a-4424-9434-5296640ffc0d/full.zarr.zip	58265919	0.47985680028796196	3	65	ok
converted	3f56901c-dd4a-47d6-b60b-7b0c0111cfb2	/mnt/shared-storage-user/dnacoding/wangzhongqi/Data/cellxgene/Homo_sapiens/3f56901c-dd4a-47d6-b60b-7b0c0111cfb2/full.zarr.zip	315828492	2.189651034772396	3	343	ok
converted	3f31f8ce-bbf6-4df8-8203-aa240ed03026	/mnt/shared-storage-user/dnacoding/wangzhongqi/Data/cellxgene/Homo_sapiens/3f31f8ce-bbf6-4df8-8203-aa240ed03026/full.zarr.zip	371411830	2.548296704888344	3	399	ok
converted	3f6ab2aa-6c63-4753-b652-3a9b9e7c8ee5	/mnt/shared-storage-user/dnacoding/wangzhongqi/Data/cellxgene/Homo_sapiens/3f6ab2aa-6c63-4753-b652-3a9b9e7c8ee5/full.zarr.zip	779312747	3.8291613832116127	6	462	ok
converted	350237e0-9f48-4cbd-9140-3b44495549f3	/mnt/shared-storage-user/dnacoding/wangzhongqi/Data/cellxgene/Homo_sapiens/350237e0-9f48-4cbd-9140-3b44495549f3/full.zarr.zip	8874691291	63.27103167772293	6	6038	ok
converted	40318d39-3d8f-49f4-8455-a2e1365c5c5b	/mnt/shared-storage-user/dnacoding/wangzhongqi/Data/cellxgene/Homo_sapiens/40318d39-3d8f-49f4-8455-a2e1365c5c5b/full.zarr.zip	337850554	2.4795181080698967	3	369	ok
converted	3f32121d-126b-4e8d-9f69-d86502d2a1b1	/mnt/shared-storage-user/dnacoding/wangzhongqi/Data/cellxgene/Homo_sapiens/3f32121d-126b-4e8d-9f69-d86502d2a1b1/full.zarr.zip	1061875838	15.57586282864213	6	1818	ok
converted	40569510-2282-461b-84df-6218ef208e0e	/mnt/shared-storage-user/dnacoding/wangzhongqi/Data/cellxgene/Homo_sapiens/40569510-2282-461b-84df-6218ef208e0e/full.zarr.zip	145432087	1.0570835024118423	3	153	ok
converted	4023a2bc-6325-47db-bfdf-9639e91042c2	/mnt/shared-storage-user/dnacoding/wangzhongqi/Data/cellxgene/Homo_sapiens/4023a2bc-6325-47db-bfdf-9639e91042c2/full.zarr.zip	1568026029	11.914509542286396	6	1086	ok
converted	3faad104-2ab8-4434-816d-474d8d2641db	/mnt/shared-storage-user/dnacoding/wangzhongqi/Data/cellxgene/Homo_sapiens/3faad104-2ab8-4434-816d-474d8d2641db/full.zarr.zip	3851486780	17.02461315691471	3	2367	ok
converted	421e5f54-5de7-425f-b399-34ead0651ce1	/mnt/shared-storage-user/dnacoding/wangzhongqi/Data/cellxgene/Homo_sapiens/421e5f54-5de7-425f-b399-34ead0651ce1/full.zarr.zip	423560758	3.164399139583111	3	451	ok
converted	4057e00c-0678-454a-90e4-b341a162d007	/mnt/shared-storage-user/dnacoding/wangzhongqi/Data/cellxgene/Homo_sapiens/4057e00c-0678-454a-90e4-b341a162d007/full.zarr.zip	693708844	5.675330895930529	6	514	ok
converted	1e6a6ef9-7ec9-4c90-bbfb-2ad3c3165fd1	/mnt/shared-storage-user/dnacoding/wangzhongqi/Data/cellxgene/Homo_sapiens/1e6a6ef9-7ec9-4c90-bbfb-2ad3c3165fd1/full.zarr.zip	18030935228	137.38664050027728	12	14012	ok
converted	42b6a476-c51d-4f8b-b68b-44941b3a11bf	/mnt/shared-storage-user/dnacoding/wangzhongqi/Data/cellxgene/Homo_sapiens/42b6a476-c51d-4f8b-b68b-44941b3a11bf/full.zarr.zip	140382414	1.3313861899077892	6	98	ok
converted	4319097a-acae-4124-beed-d1173ffe1464	/mnt/shared-storage-user/dnacoding/wangzhongqi/Data/cellxgene/Homo_sapiens/4319097a-acae-4124-beed-d1173ffe1464/full.zarr.zip	645147708	3.4598815590143204	6	402	ok
converted	3cb646ab-d411-4e5b-89eb-082a786c953b	/mnt/shared-storage-user/dnacoding/wangzhongqi/Data/cellxgene/Homo_sapiens/3cb646ab-d411-4e5b-89eb-082a786c953b/full.zarr.zip	4284777517	35.17588961869478	3	4365	ok
converted	43560d7c-acd6-4ede-830d-c9ffc6cd0862	/mnt/shared-storage-user/dnacoding/wangzhongqi/Data/cellxgene/Homo_sapiens/43560d7c-acd6-4ede-830d-c9ffc6cd0862/full.zarr.zip	141412897	0.974301353096962	6	72	ok
converted	432f3af5-6a79-401f-b315-fb2df789f32c	/mnt/shared-storage-user/dnacoding/wangzhongqi/Data/cellxgene/Homo_sapiens/432f3af5-6a79-401f-b315-fb2df789f32c/full.zarr.zip	806438180	4.0990993194282055	6	474	ok
converted	43a1506b-aa9e-46a3-b288-d210f4595ddf	/mnt/shared-storage-user/dnacoding/wangzhongqi/Data/cellxgene/Homo_sapiens/43a1506b-aa9e-46a3-b288-d210f4595ddf/full.zarr.zip	326994655	2.677032954990864	6	242	ok
converted	43b7e156-65b3-4a7b-8c7a-08528e4b21d0	/mnt/shared-storage-user/dnacoding/wangzhongqi/Data/cellxgene/Homo_sapiens/43b7e156-65b3-4a7b-8c7a-08528e4b21d0/full.zarr.zip	356355507	2.5139021053910255	3	387	ok
converted	429d21fd-bb9a-4abf-922b-c15138524bdd	/mnt/shared-storage-user/dnacoding/wangzhongqi/Data/cellxgene/Homo_sapiens/429d21fd-bb9a-4abf-922b-c15138524bdd/full.zarr.zip	1358984539	10.118464946746826	6	954	ok
converted	43dc52cb-92eb-4256-b3a8-5ef220b3d292	/mnt/shared-storage-user/dnacoding/wangzhongqi/Data/cellxgene/Homo_sapiens/43dc52cb-92eb-4256-b3a8-5ef220b3d292/full.zarr.zip	424618206	2.880851659923792	6	310	ok
converted	44882825-0da1-4547-b721-2c6105d4a9d1	/mnt/shared-storage-user/dnacoding/wangzhongqi/Data/cellxgene/Homo_sapiens/44882825-0da1-4547-b721-2c6105d4a9d1/full.zarr.zip	296357877	2.284182485193014	6	206	ok
converted	456e8b9b-f872-488b-871d-94534090a865	/mnt/shared-storage-user/dnacoding/wangzhongqi/Data/cellxgene/Homo_sapiens/456e8b9b-f872-488b-871d-94534090a865/full.zarr.zip	214793992	1.8327888436615467	6	174	ok
converted	4593c820-512d-4805-a10f-c0b864a7cc8c	/mnt/shared-storage-user/dnacoding/wangzhongqi/Data/cellxgene/Homo_sapiens/4593c820-512d-4805-a10f-c0b864a7cc8c/full.zarr.zip	339154374	2.351657871156931	3	363	ok
converted	460dfe21-0550-4521-92fe-db0f3036d8b0	/mnt/shared-storage-user/dnacoding/wangzhongqi/Data/cellxgene/Homo_sapiens/460dfe21-0550-4521-92fe-db0f3036d8b0/full.zarr.zip	232491247	1.7811489664018154	6	154	ok
converted	470565f2-5afc-456a-b617-18e4496c04fd	/mnt/shared-storage-user/dnacoding/wangzhongqi/Data/cellxgene/Homo_sapiens/470565f2-5afc-456a-b617-18e4496c04fd/full.zarr.zip	25863959	0.2574639208614826	3	29	ok
converted	46ff9dc2-3d87-4b36-91aa-ffa8aa13c52e	/mnt/shared-storage-user/dnacoding/wangzhongqi/Data/cellxgene/Homo_sapiens/46ff9dc2-3d87-4b36-91aa-ffa8aa13c52e/full.zarr.zip	383780592	2.6995184533298016	3	421	ok
converted	471647b3-04fe-4c76-8372-3264feb950e8	/mnt/shared-storage-user/dnacoding/wangzhongqi/Data/cellxgene/Homo_sapiens/471647b3-04fe-4c76-8372-3264feb950e8/full.zarr.zip	521998054	2.5952400378882885	6	316	ok
converted	4859642c-d155-437b-adf5-83ca6c1bef67	/mnt/shared-storage-user/dnacoding/wangzhongqi/Data/cellxgene/Homo_sapiens/4859642c-d155-437b-adf5-83ca6c1bef67/full.zarr.zip	49230216	0.3154699020087719	7	29	ok
converted	489318a0-24c3-4f5c-b105-f084ed0ea026	/mnt/shared-storage-user/dnacoding/wangzhongqi/Data/cellxgene/Homo_sapiens/489318a0-24c3-4f5c-b105-f084ed0ea026/full.zarr.zip	146383913	1.1693875379860401	6	154	ok
converted	4724c395-0c46-46d2-81f7-60fd271fb488	/mnt/shared-storage-user/dnacoding/wangzhongqi/Data/cellxgene/Homo_sapiens/4724c395-0c46-46d2-81f7-60fd271fb488/full.zarr.zip	269796193	1.9119488559663296	3	293	ok
converted	492d9f77-c4c8-485d-92d7-7686fe6c8482	/mnt/shared-storage-user/dnacoding/wangzhongqi/Data/cellxgene/Homo_sapiens/492d9f77-c4c8-485d-92d7-7686fe6c8482/full.zarr.zip	96656619	0.8578902892768383	6	70	ok
converted	4993d61c-1d04-4630-9c61-8d9431f39adc	/mnt/shared-storage-user/dnacoding/wangzhongqi/Data/cellxgene/Homo_sapiens/4993d61c-1d04-4630-9c61-8d9431f39adc/full.zarr.zip	15877738	0.19913234934210777	6	10	ok
converted	4976b234-9028-4b4b-8a2f-8ac59d636219	/mnt/shared-storage-user/dnacoding/wangzhongqi/Data/cellxgene/Homo_sapiens/4976b234-9028-4b4b-8a2f-8ac59d636219/full.zarr.zip	337763630	2.255722999572754	3	369	ok
converted	43245158-5ae1-4e71-a9a6-67eef49c26bc	/mnt/shared-storage-user/dnacoding/wangzhongqi/Data/cellxgene/Homo_sapiens/43245158-5ae1-4e71-a9a6-67eef49c26bc/full.zarr.zip	2276756272	16.46250969171524	6	1526	ok
converted	4a90bbba-df97-4a28-83ae-7386fe7d9167	/mnt/shared-storage-user/dnacoding/wangzhongqi/Data/cellxgene/Homo_sapiens/4a90bbba-df97-4a28-83ae-7386fe7d9167/full.zarr.zip	94083199	0.8856764361262321	6	66	ok
converted	4b83f213-b96b-4c87-a884-9b81faddb194	/mnt/shared-storage-user/dnacoding/wangzhongqi/Data/cellxgene/Homo_sapiens/4b83f213-b96b-4c87-a884-9b81faddb194/full.zarr.zip	88005885	0.6714421063661575	3	99	ok
converted	4b6af54a-4a21-46e0-bc8d-673c0561a836	/mnt/shared-storage-user/dnacoding/wangzhongqi/Data/cellxgene/Homo_sapiens/4b6af54a-4a21-46e0-bc8d-673c0561a836/full.zarr.zip	307950498	2.4741834066808224	6	218	ok
converted	4c6f9f26-5470-455b-8933-c408232fbf56	/mnt/shared-storage-user/dnacoding/wangzhongqi/Data/cellxgene/Homo_sapiens/4c6f9f26-5470-455b-8933-c408232fbf56/full.zarr.zip	46765319	0.4924781732261181	6	34	ok
converted	4ce8d8ec-b94c-4b79-afcb-b094336d8a78	/mnt/shared-storage-user/dnacoding/wangzhongqi/Data/cellxgene/Homo_sapiens/4ce8d8ec-b94c-4b79-afcb-b094336d8a78/full.zarr.zip	81697382	0.5833026058971882	6	46	ok
converted	4d43082e-59cd-43ac-b77d-54d55519c881	/mnt/shared-storage-user/dnacoding/wangzhongqi/Data/cellxgene/Homo_sapiens/4d43082e-59cd-43ac-b77d-54d55519c881/full.zarr.zip	230080109	1.5704450123012066	3	247	ok
converted	4dd1cd23-fc4d-4fd1-9709-602540f3ca6f	/mnt/shared-storage-user/dnacoding/wangzhongqi/Data/cellxgene/Homo_sapiens/4dd1cd23-fc4d-4fd1-9709-602540f3ca6f/full.zarr.zip	84946957	0.6379845440387726	3	95	ok
converted	4a5b00e0-1ba3-4fd4-af89-d3512eb20720	/mnt/shared-storage-user/dnacoding/wangzhongqi/Data/cellxgene/Homo_sapiens/4a5b00e0-1ba3-4fd4-af89-d3512eb20720/full.zarr.zip	1357302841	9.245484463870525	3	1429	ok
converted	4e6eb9d1-5de7-43ac-b931-21995be65c10	/mnt/shared-storage-user/dnacoding/wangzhongqi/Data/cellxgene/Homo_sapiens/4e6eb9d1-5de7-43ac-b931-21995be65c10/full.zarr.zip	360847299	2.8536994606256485	6	254	ok
converted	4e74d843-8d7a-497a-918a-f079ef141b6d	/mnt/shared-storage-user/dnacoding/wangzhongqi/Data/cellxgene/Homo_sapiens/4e74d843-8d7a-497a-918a-f079ef141b6d/full.zarr.zip	74709754	0.7544663213193417	6	54	ok
converted	4e374783-0152-423e-bcb6-b87cc232f64d	/mnt/shared-storage-user/dnacoding/wangzhongqi/Data/cellxgene/Homo_sapiens/4e374783-0152-423e-bcb6-b87cc232f64d/full.zarr.zip	1819291683	7.0072645507752895	7	750	ok
converted	50eb1e23-b8d4-4f76-a184-44e5541fa05a	/mnt/shared-storage-user/dnacoding/wangzhongqi/Data/cellxgene/Homo_sapiens/50eb1e23-b8d4-4f76-a184-44e5541fa05a/full.zarr.zip	50979571	0.5082506723701954	6	38	ok
converted	4b9e0a15-c006-45d9-860f-b8a43ccf7d9d	/mnt/shared-storage-user/dnacoding/wangzhongqi/Data/cellxgene/Homo_sapiens/4b9e0a15-c006-45d9-860f-b8a43ccf7d9d/full.zarr.zip	2974675254	14.320688277482986	6	1780	ok
converted	51d9716c-50bb-4fd8-8d1e-7d9329969cb7	/mnt/shared-storage-user/dnacoding/wangzhongqi/Data/cellxgene/Homo_sapiens/51d9716c-50bb-4fd8-8d1e-7d9329969cb7/full.zarr.zip	355993216	2.5705836974084377	6	234	ok
converted	518d9049-2a76-44f8-8abc-1e2b59ab5ba1	/mnt/shared-storage-user/dnacoding/wangzhongqi/Data/cellxgene/Homo_sapiens/518d9049-2a76-44f8-8abc-1e2b59ab5ba1/full.zarr.zip	640017547	5.071198057383299	6	490	ok
converted	3c364ffe-d599-44d5-a77f-6c5fd7038cf6	/mnt/shared-storage-user/dnacoding/wangzhongqi/Data/cellxgene/Homo_sapiens/3c364ffe-d599-44d5-a77f-6c5fd7038cf6/full.zarr.zip	10658959131	72.73122448846698	6	7620	ok
converted	51f476f7-b24d-42f3-8871-7dab3fa35e96	/mnt/shared-storage-user/dnacoding/wangzhongqi/Data/cellxgene/Homo_sapiens/51f476f7-b24d-42f3-8871-7dab3fa35e96/full.zarr.zip	48605561	0.5591995045542717	6	38	ok
converted	4ed927e9-c099-49af-b8ce-a2652d069333	/mnt/shared-storage-user/dnacoding/wangzhongqi/Data/cellxgene/Homo_sapiens/4ed927e9-c099-49af-b8ce-a2652d069333/full.zarr.zip	1361975487	7.77242162078619	6	732	ok
converted	527641f0-df64-4c80-957c-a65dccd477bc	/mnt/shared-storage-user/dnacoding/wangzhongqi/Data/cellxgene/Homo_sapiens/527641f0-df64-4c80-957c-a65dccd477bc/full.zarr.zip	469618787	2.259708307683468	6	284	ok
converted	529bb209-9d7b-44da-bfa4-f6e4745c46c2	/mnt/shared-storage-user/dnacoding/wangzhongqi/Data/cellxgene/Homo_sapiens/529bb209-9d7b-44da-bfa4-f6e4745c46c2/full.zarr.zip	379062283	2.485215298831463	3	405	ok
converted	52f18bc3-52d9-487b-bf8f-f0b7aa684b09	/mnt/shared-storage-user/dnacoding/wangzhongqi/Data/cellxgene/Homo_sapiens/52f18bc3-52d9-487b-bf8f-f0b7aa684b09/full.zarr.zip	325982198	2.2306265272200108	3	353	ok
converted	52ea546e-9229-40ef-b048-a2e694dd73e8	/mnt/shared-storage-user/dnacoding/wangzhongqi/Data/cellxgene/Homo_sapiens/52ea546e-9229-40ef-b048-a2e694dd73e8/full.zarr.zip	601554406	4.175276063382626	3	643	ok
converted	53ce2631-3646-4172-bbd9-38b0a44d8214	/mnt/shared-storage-user/dnacoding/wangzhongqi/Data/cellxgene/Homo_sapiens/53ce2631-3646-4172-bbd9-38b0a44d8214/full.zarr.zip	409703107	3.4716423116624355	6	346	ok
converted	420d0f5d-b7ba-4b1e-88d0-44e9f733febd	/mnt/shared-storage-user/dnacoding/wangzhongqi/Data/cellxgene/Homo_sapiens/420d0f5d-b7ba-4b1e-88d0-44e9f733febd/full.zarr.zip	5660616156	51.06287242472172	3	5783	ok
converted	5500c673-1610-40a0-86d9-64d987ae50e6	/mnt/shared-storage-user/dnacoding/wangzhongqi/Data/cellxgene/Homo_sapiens/5500c673-1610-40a0-86d9-64d987ae50e6/full.zarr.zip	490705894	3.9570127315819263	6	370	ok
converted	55ca4411-8c7d-4aef-a572-50852e030c05	/mnt/shared-storage-user/dnacoding/wangzhongqi/Data/cellxgene/Homo_sapiens/55ca4411-8c7d-4aef-a572-50852e030c05/full.zarr.zip	237896324	1.8999935276806355	6	174	ok
converted	535e9336-2d8d-43c3-944d-bcbebe20df8a	/mnt/shared-storage-user/dnacoding/wangzhongqi/Data/cellxgene/Homo_sapiens/535e9336-2d8d-43c3-944d-bcbebe20df8a/full.zarr.zip	1477883909	11.940968561917543	6	1134	ok
converted	574e9f9e-f8b4-41ef-bf19-89a9964fd9c7	/mnt/shared-storage-user/dnacoding/wangzhongqi/Data/cellxgene/Homo_sapiens/574e9f9e-f8b4-41ef-bf19-89a9964fd9c7/full.zarr.zip	1346233908	6.439926330000162	6	548	ok
converted	56a4bc14-9407-45fd-8786-f7f6fc87c9dd	/mnt/shared-storage-user/dnacoding/wangzhongqi/Data/cellxgene/Homo_sapiens/56a4bc14-9407-45fd-8786-f7f6fc87c9dd/full.zarr.zip	1464605429	10.65911066904664	6	986	ok
converted	5829c7ba-697f-418e-8b98-d605b192dc48	/mnt/shared-storage-user/dnacoding/wangzhongqi/Data/cellxgene/Homo_sapiens/5829c7ba-697f-418e-8b98-d605b192dc48/full.zarr.zip	878172053	6.068256624042988	3	955	ok
converted	4568ebb2-468c-4381-9ce7-81cd97abcd22	/mnt/shared-storage-user/dnacoding/wangzhongqi/Data/cellxgene/Homo_sapiens/4568ebb2-468c-4381-9ce7-81cd97abcd22/full.zarr.zip	7453869716	58.297377068549395	6	5390	ok
converted	589fe605-6d49-4abe-bff8-1675511c689a	/mnt/shared-storage-user/dnacoding/wangzhongqi/Data/cellxgene/Homo_sapiens/589fe605-6d49-4abe-bff8-1675511c689a/full.zarr.zip	774404319	5.627265654504299	6	526	ok
converted	576f193c-75d0-4a11-bd25-8676587e6dc2	/mnt/shared-storage-user/dnacoding/wangzhongqi/Data/cellxgene/Homo_sapiens/576f193c-75d0-4a11-bd25-8676587e6dc2/full.zarr.zip	1732232893	12.731646742671728	6	1202	ok
converted	595c9010-99ec-462d-b6a1-2b2fe5407871	/mnt/shared-storage-user/dnacoding/wangzhongqi/Data/cellxgene/Homo_sapiens/595c9010-99ec-462d-b6a1-2b2fe5407871/full.zarr.zip	281093690	1.4811661280691624	6	166	ok
converted	58f43044-cd3c-42b8-bc0b-3498eb236359	/mnt/shared-storage-user/dnacoding/wangzhongqi/Data/cellxgene/Homo_sapiens/58f43044-cd3c-42b8-bc0b-3498eb236359/full.zarr.zip	793154807	5.484020084142685	3	863	ok
converted	5a73f63f-18a2-49b5-b431-2c469c41a41b	/mnt/shared-storage-user/dnacoding/wangzhongqi/Data/cellxgene/Homo_sapiens/5a73f63f-18a2-49b5-b431-2c469c41a41b/full.zarr.zip	240112551	1.6875398829579353	3	265	ok
converted	59632ec0-6f10-48c6-af79-81024e84843e	/mnt/shared-storage-user/dnacoding/wangzhongqi/Data/cellxgene/Homo_sapiens/59632ec0-6f10-48c6-af79-81024e84843e/full.zarr.zip	669071667	3.7433918341994286	6	424	ok
converted	59b69042-47c2-47fd-ad03-d21beb99818f	/mnt/shared-storage-user/dnacoding/wangzhongqi/Data/cellxgene/Homo_sapiens/59b69042-47c2-47fd-ad03-d21beb99818f/full.zarr.zip	607029769	4.657942820340395	6	418	ok
converted	5b25a46f-f1cf-4caa-9e10-6ab81dfe9174	/mnt/shared-storage-user/dnacoding/wangzhongqi/Data/cellxgene/Homo_sapiens/5b25a46f-f1cf-4caa-9e10-6ab81dfe9174/full.zarr.zip	125713619	1.2474148236215115	6	86	ok
converted	46104f0b-9af5-466a-ae0f-56b8dc1969a2	/mnt/shared-storage-user/dnacoding/wangzhongqi/Data/cellxgene/Homo_sapiens/46104f0b-9af5-466a-ae0f-56b8dc1969a2/full.zarr.zip	8369006310	74.31498972326517	3	8525	ok
converted	5a9cfb44-494a-4540-8db8-7143b1bb5a6f	/mnt/shared-storage-user/dnacoding/wangzhongqi/Data/cellxgene/Homo_sapiens/5a9cfb44-494a-4540-8db8-7143b1bb5a6f/full.zarr.zip	2063631481	13.974190261214972	6	1322	ok
converted	5bc23cb2-8cfc-4960-bab1-c3027fbeefc4	/mnt/shared-storage-user/dnacoding/wangzhongqi/Data/cellxgene/Homo_sapiens/5bc23cb2-8cfc-4960-bab1-c3027fbeefc4/full.zarr.zip	314836617	2.130095437169075	3	327	ok
converted	5af90777-6760-4003-9dba-8f945fec6fdf	/mnt/shared-storage-user/dnacoding/wangzhongqi/Data/cellxgene/Homo_sapiens/5af90777-6760-4003-9dba-8f945fec6fdf/full.zarr.zip	1876410336	14.377601779997349	6	1334	ok
converted	5cdbb2ea-c622-466d-9ead-7884ad8cb99f	/mnt/shared-storage-user/dnacoding/wangzhongqi/Data/cellxgene/Homo_sapiens/5cdbb2ea-c622-466d-9ead-7884ad8cb99f/full.zarr.zip	139439996	1.227997049689293	6	106	ok
converted	5bc42b88-bb76-4954-927b-8bb7369adc64	/mnt/shared-storage-user/dnacoding/wangzhongqi/Data/cellxgene/Homo_sapiens/5bc42b88-bb76-4954-927b-8bb7369adc64/full.zarr.zip	1019420855	6.614468809217215	6	678	ok
converted	5ce42b38-d867-487f-9b40-e8bb00b21d0b	/mnt/shared-storage-user/dnacoding/wangzhongqi/Data/cellxgene/Homo_sapiens/5ce42b38-d867-487f-9b40-e8bb00b21d0b/full.zarr.zip	721162574	5.933738235384226	6	546	ok
converted	5d3fc988-765d-48ba-bfb5-151ef2988cac	/mnt/shared-storage-user/dnacoding/wangzhongqi/Data/cellxgene/Homo_sapiens/5d3fc988-765d-48ba-bfb5-151ef2988cac/full.zarr.zip	537847460	3.858772650361061	6	366	ok
converted	5d4415d1-cfcd-4b43-b2b2-138b5afd68af	/mnt/shared-storage-user/dnacoding/wangzhongqi/Data/cellxgene/Homo_sapiens/5d4415d1-cfcd-4b43-b2b2-138b5afd68af/full.zarr.zip	486279861	3.6329522989690304	6	322	ok
converted	5e5ab909-f73f-4b57-98a0-6d2c5662f6a4	/mnt/shared-storage-user/dnacoding/wangzhongqi/Data/cellxgene/Homo_sapiens/5e5ab909-f73f-4b57-98a0-6d2c5662f6a4/full.zarr.zip	268678953	1.915148213505745	3	295	ok
converted	5e717147-0f75-4de1-8bd2-6fda01b8d75f	/mnt/shared-storage-user/dnacoding/wangzhongqi/Data/cellxgene/Homo_sapiens/5e717147-0f75-4de1-8bd2-6fda01b8d75f/full.zarr.zip	864069325	6.5623450092971325	6	594	ok
converted	5e7fff82-b8eb-4220-bf65-c6feb6765ea1	/mnt/shared-storage-user/dnacoding/wangzhongqi/Data/cellxgene/Homo_sapiens/5e7fff82-b8eb-4220-bf65-c6feb6765ea1/full.zarr.zip	61136832	0.4098631665110588	7	37	ok
converted	5eb05c46-9d59-4971-8bcb-2660f74860b9	/mnt/shared-storage-user/dnacoding/wangzhongqi/Data/cellxgene/Homo_sapiens/5eb05c46-9d59-4971-8bcb-2660f74860b9/full.zarr.zip	65875016	0.5406561344861984	3	73	ok
converted	5b9b89d2-2e3e-4ad1-8965-666f64540fea	/mnt/shared-storage-user/dnacoding/wangzhongqi/Data/cellxgene/Homo_sapiens/5b9b89d2-2e3e-4ad1-8965-666f64540fea/full.zarr.zip	6823540104	48.721196353435516	6	4558	ok
converted	5ed90bc0-12f3-4354-b314-0ce0dbb96458	/mnt/shared-storage-user/dnacoding/wangzhongqi/Data/cellxgene/Homo_sapiens/5ed90bc0-12f3-4354-b314-0ce0dbb96458/full.zarr.zip	3553991667	24.32711535692215	6	2332	ok
converted	601c7454-17ff-432c-8e0d-902bfddb8013	/mnt/shared-storage-user/dnacoding/wangzhongqi/Data/cellxgene/Homo_sapiens/601c7454-17ff-432c-8e0d-902bfddb8013/full.zarr.zip	33823052	0.37534835934638977	6	26	ok
converted	5e57cd50-8e42-42d6-940d-5c1660d06864	/mnt/shared-storage-user/dnacoding/wangzhongqi/Data/cellxgene/Homo_sapiens/5e57cd50-8e42-42d6-940d-5c1660d06864/full.zarr.zip	5071732377	39.55252981930971	3	5419	ok
converted	60a29d0b-1a37-4447-ac32-00d701580b47	/mnt/shared-storage-user/dnacoding/wangzhongqi/Data/cellxgene/Homo_sapiens/60a29d0b-1a37-4447-ac32-00d701580b47/full.zarr.zip	1407792469	5.795645996928215	6	618	ok
converted	5fde5c9c-5b1e-4df5-982a-3f8e7635161f	/mnt/shared-storage-user/dnacoding/wangzhongqi/Data/cellxgene/Homo_sapiens/5fde5c9c-5b1e-4df5-982a-3f8e7635161f/full.zarr.zip	3983141588	26.72957045584917	3	4111	ok
converted	61af564d-e5ea-4d34-a0f3-2668a00db376	/mnt/shared-storage-user/dnacoding/wangzhongqi/Data/cellxgene/Homo_sapiens/61af564d-e5ea-4d34-a0f3-2668a00db376/full.zarr.zip	419162113	2.96800472214818	6	298	ok
converted	61d327d1-2227-4c5f-9367-e3559dc79b07	/mnt/shared-storage-user/dnacoding/wangzhongqi/Data/cellxgene/Homo_sapiens/61d327d1-2227-4c5f-9367-e3559dc79b07/full.zarr.zip	11163516	0.14741992577910423	9	11	ok
converted	62de80d7-e6c4-4ff0-ad4c-d3d36f57cb93	/mnt/shared-storage-user/dnacoding/wangzhongqi/Data/cellxgene/Homo_sapiens/62de80d7-e6c4-4ff0-ad4c-d3d36f57cb93/full.zarr.zip	23809124	0.31624331697821617	6	18	ok
converted	639ffc23-14db-4060-9027-3c90314200f8	/mnt/shared-storage-user/dnacoding/wangzhongqi/Data/cellxgene/Homo_sapiens/639ffc23-14db-4060-9027-3c90314200f8/full.zarr.zip	357175276	2.5431050807237625	3	389	ok
converted	60acb72d-4935-4bb2-80b4-3700a6a527f8	/mnt/shared-storage-user/dnacoding/wangzhongqi/Data/cellxgene/Homo_sapiens/60acb72d-4935-4bb2-80b4-3700a6a527f8/full.zarr.zip	4565785580	21.127001095563173	9	2757	ok
converted	56c4912d-2bae-4b64-98f2-af8a84389208	/mnt/shared-storage-user/dnacoding/wangzhongqi/Data/cellxgene/Homo_sapiens/56c4912d-2bae-4b64-98f2-af8a84389208/full.zarr.zip	13630044310	110.4604295566678	6	9506	ok
converted	612b7bff-4460-421e-917a-fe60e3d96580	/mnt/shared-storage-user/dnacoding/wangzhongqi/Data/cellxgene/Homo_sapiens/612b7bff-4460-421e-917a-fe60e3d96580/full.zarr.zip	2805713527	20.950336303561926	6	1942	ok
converted	64767efb-49b0-4562-a1bd-e619a5d9db41	/mnt/shared-storage-user/dnacoding/wangzhongqi/Data/cellxgene/Homo_sapiens/64767efb-49b0-4562-a1bd-e619a5d9db41/full.zarr.zip	163902759	1.238922968506813	3	177	ok
converted	644a578d-ffdc-446b-9679-e7ab4c919c13	/mnt/shared-storage-user/dnacoding/wangzhongqi/Data/cellxgene/Homo_sapiens/644a578d-ffdc-446b-9679-e7ab4c919c13/full.zarr.zip	453149390	3.606748588383198	6	362	ok
converted	64f4ad90-a422-400a-944d-4ce0f39594a7	/mnt/shared-storage-user/dnacoding/wangzhongqi/Data/cellxgene/Homo_sapiens/64f4ad90-a422-400a-944d-4ce0f39594a7/full.zarr.zip	285528188	2.048517592251301	3	313	ok
converted	670a9f65-363c-4bb1-a942-bf6d1edea179	/mnt/shared-storage-user/dnacoding/wangzhongqi/Data/cellxgene/Homo_sapiens/670a9f65-363c-4bb1-a942-bf6d1edea179/full.zarr.zip	71341980	0.5928622260689735	6	54	ok
converted	37a17b78-4864-4a42-b67b-31c00962795a	/mnt/shared-storage-user/dnacoding/wangzhongqi/Data/cellxgene/Homo_sapiens/37a17b78-4864-4a42-b67b-31c00962795a/full.zarr.zip	29064534675	234.25525512173772	3	31125	ok
converted	68b6114f-e990-4033-bfb3-c35536633aaa	/mnt/shared-storage-user/dnacoding/wangzhongqi/Data/cellxgene/Homo_sapiens/68b6114f-e990-4033-bfb3-c35536633aaa/full.zarr.zip	231692601	1.8079115599393845	6	166	ok
converted	6929d6d1-6f81-44d7-bd35-5a580259af81	/mnt/shared-storage-user/dnacoding/wangzhongqi/Data/cellxgene/Homo_sapiens/6929d6d1-6f81-44d7-bd35-5a580259af81/full.zarr.zip	168972667	0.7926473394036293	7	72	ok
converted	64267fb5-7b70-4705-a13b-cc38966c22a8	/mnt/shared-storage-user/dnacoding/wangzhongqi/Data/cellxgene/Homo_sapiens/64267fb5-7b70-4705-a13b-cc38966c22a8/full.zarr.zip	2800283584	21.48626848310232	6	1970	ok
converted	6a270451-b4d9-43e0-aa89-e33aac1ac74b	/mnt/shared-storage-user/dnacoding/wangzhongqi/Data/cellxgene/Homo_sapiens/6a270451-b4d9-43e0-aa89-e33aac1ac74b/full.zarr.zip	898990824	4.171916551887989	6	608	ok
converted	6ba45a2b-0a29-454f-a580-41b0e540c06b	/mnt/shared-storage-user/dnacoding/wangzhongqi/Data/cellxgene/Homo_sapiens/6ba45a2b-0a29-454f-a580-41b0e540c06b/full.zarr.zip	78920740	0.6792973317205906	6	62	ok
converted	6c600df6-ddca-4628-a8bb-1d6de1e3f9b4	/mnt/shared-storage-user/dnacoding/wangzhongqi/Data/cellxgene/Homo_sapiens/6c600df6-ddca-4628-a8bb-1d6de1e3f9b4/full.zarr.zip	192742895	1.197314865887165	3	183	ok
converted	5c97eeeb-7e52-44b3-b010-b832b1f5424c	/mnt/shared-storage-user/dnacoding/wangzhongqi/Data/cellxgene/Homo_sapiens/5c97eeeb-7e52-44b3-b010-b832b1f5424c/full.zarr.zip	11417484157	94.56195038929582	3	12193	ok
converted	6ceeaa86-9ceb-4582-b390-6d4dd6ff0572	/mnt/shared-storage-user/dnacoding/wangzhongqi/Data/cellxgene/Homo_sapiens/6ceeaa86-9ceb-4582-b390-6d4dd6ff0572/full.zarr.zip	333533624	2.845525674521923	6	268	ok
converted	6cda3b13-7257-45b9-ac20-0a7e6697e4f2	/mnt/shared-storage-user/dnacoding/wangzhongqi/Data/cellxgene/Homo_sapiens/6cda3b13-7257-45b9-ac20-0a7e6697e4f2/full.zarr.zip	500397476	3.9371396377682686	6	338	ok
converted	6e00ccf7-0749-46ef-a999-dba785630d52	/mnt/shared-storage-user/dnacoding/wangzhongqi/Data/cellxgene/Homo_sapiens/6e00ccf7-0749-46ef-a999-dba785630d52/full.zarr.zip	51953032	0.5438180714845657	6	42	ok
converted	6cf3634d-e911-44ad-bf52-c747a9af3c01	/mnt/shared-storage-user/dnacoding/wangzhongqi/Data/cellxgene/Homo_sapiens/6cf3634d-e911-44ad-bf52-c747a9af3c01/full.zarr.zip	201502717	1.7019688859581947	6	166	ok
converted	6ed0bb6c-a9e3-4ba6-9436-7c8fd4e206f0	/mnt/shared-storage-user/dnacoding/wangzhongqi/Data/cellxgene/Homo_sapiens/6ed0bb6c-a9e3-4ba6-9436-7c8fd4e206f0/full.zarr.zip	406779813	2.817663438618183	3	439	ok
converted	6c87755e-a671-41a8-9c7e-4e43b850a57b	/mnt/shared-storage-user/dnacoding/wangzhongqi/Data/cellxgene/Homo_sapiens/6c87755e-a671-41a8-9c7e-4e43b850a57b/full.zarr.zip	1779789689	13.773900911211967	6	1298	ok
converted	6fc37633-13f5-4bf0-af95-52808143bffd	/mnt/shared-storage-user/dnacoding/wangzhongqi/Data/cellxgene/Homo_sapiens/6fc37633-13f5-4bf0-af95-52808143bffd/full.zarr.zip	16967107	0.17895854637026787	3	19	ok
converted	70e4f35b-c98c-45a1-9aa9-2053b07315dd	/mnt/shared-storage-user/dnacoding/wangzhongqi/Data/cellxgene/Homo_sapiens/70e4f35b-c98c-45a1-9aa9-2053b07315dd/full.zarr.zip	309637656	2.1657609827816486	3	335	ok
converted	715327a6-7978-4896-ba91-69d6b04dbbfb	/mnt/shared-storage-user/dnacoding/wangzhongqi/Data/cellxgene/Homo_sapiens/715327a6-7978-4896-ba91-69d6b04dbbfb/full.zarr.zip	336284347	2.318239565938711	3	365	ok
converted	67b6b9ac-b841-42ce-b2d4-ed2ec12327bd	/mnt/shared-storage-user/dnacoding/wangzhongqi/Data/cellxgene/Homo_sapiens/67b6b9ac-b841-42ce-b2d4-ed2ec12327bd/full.zarr.zip	7628999968	51.86762760207057	6	5358	ok
converted	7178ec0a-b0e2-45b1-beb0-879bb69d81e9	/mnt/shared-storage-user/dnacoding/wangzhongqi/Data/cellxgene/Homo_sapiens/7178ec0a-b0e2-45b1-beb0-879bb69d81e9/full.zarr.zip	341276059	2.748772155493498	6	246	ok
converted	65badd7a-9262-4fd1-9ce2-eb5dc0ca8039	/mnt/shared-storage-user/dnacoding/wangzhongqi/Data/cellxgene/Homo_sapiens/65badd7a-9262-4fd1-9ce2-eb5dc0ca8039/full.zarr.zip	7768321958	57.24208993092179	6	5402	ok
converted	72822932-10f6-466f-baf3-a2c1d89364bc	/mnt/shared-storage-user/dnacoding/wangzhongqi/Data/cellxgene/Homo_sapiens/72822932-10f6-466f-baf3-a2c1d89364bc/full.zarr.zip	321506684	1.691054042428732	6	202	ok
converted	731e6380-879f-4b0b-9a1f-2150208852ef	/mnt/shared-storage-user/dnacoding/wangzhongqi/Data/cellxgene/Homo_sapiens/731e6380-879f-4b0b-9a1f-2150208852ef/full.zarr.zip	32796898	0.38115638867020607	6	26	ok
converted	73b7d0aa-035f-4a15-9f1d-f56b70204591	/mnt/shared-storage-user/dnacoding/wangzhongqi/Data/cellxgene/Homo_sapiens/73b7d0aa-035f-4a15-9f1d-f56b70204591/full.zarr.zip	58604926	0.6048584878444672	6	42	ok
converted	716a4acc-919e-4326-9672-ebe06ede84e6	/mnt/shared-storage-user/dnacoding/wangzhongqi/Data/cellxgene/Homo_sapiens/716a4acc-919e-4326-9672-ebe06ede84e6/full.zarr.zip	3223193127	22.361387223005295	6	2350	ok
converted	6f9de485-58cd-4342-bfc4-b3d3dd223aa8	/mnt/shared-storage-user/dnacoding/wangzhongqi/Data/cellxgene/Homo_sapiens/6f9de485-58cd-4342-bfc4-b3d3dd223aa8/full.zarr.zip	5312988385	36.94279307499528	6	3626	ok
converted	55003f67-c494-46f1-83fb-902745646379	/mnt/shared-storage-user/dnacoding/wangzhongqi/Data/cellxgene/Homo_sapiens/55003f67-c494-46f1-83fb-902745646379/full.zarr.zip	23317294818	186.11734473332763	6	15666	ok
converted	75011e96-ba37-4977-a539-fbf9f66a5e37	/mnt/shared-storage-user/dnacoding/wangzhongqi/Data/cellxgene/Homo_sapiens/75011e96-ba37-4977-a539-fbf9f66a5e37/full.zarr.zip	1153234097	8.310283426195383	6	774	ok
converted	76af615b-12fe-4ebb-b8c6-239ad29e26e3	/mnt/shared-storage-user/dnacoding/wangzhongqi/Data/cellxgene/Homo_sapiens/76af615b-12fe-4ebb-b8c6-239ad29e26e3/full.zarr.zip	88565582	0.6084245070815086	6	48	ok
converted	77044335-0ac5-4406-9b3f-8cdd3656d67b	/mnt/shared-storage-user/dnacoding/wangzhongqi/Data/cellxgene/Homo_sapiens/77044335-0ac5-4406-9b3f-8cdd3656d67b/full.zarr.zip	97599098	0.7503359466791153	3	107	ok
converted	77c1c785-809f-4065-8c54-6a0170783256	/mnt/shared-storage-user/dnacoding/wangzhongqi/Data/cellxgene/Homo_sapiens/77c1c785-809f-4065-8c54-6a0170783256/full.zarr.zip	409229966	3.053329221904278	3	451	ok
converted	781cc817-3fd0-487c-a55a-b47b2786a05d	/mnt/shared-storage-user/dnacoding/wangzhongqi/Data/cellxgene/Homo_sapiens/781cc817-3fd0-487c-a55a-b47b2786a05d/full.zarr.zip	221933174	1.76650270819664	6	150	ok
converted	76150f40-1989-4977-9e23-696e72d59d9e	/mnt/shared-storage-user/dnacoding/wangzhongqi/Data/cellxgene/Homo_sapiens/76150f40-1989-4977-9e23-696e72d59d9e/full.zarr.zip	1685959054	13.370547153055668	6	1306	ok
converted	78f40dd6-ed22-470d-8547-6fb5746c25da	/mnt/shared-storage-user/dnacoding/wangzhongqi/Data/cellxgene/Homo_sapiens/78f40dd6-ed22-470d-8547-6fb5746c25da/full.zarr.zip	133019853	0.7130217924714088	7	68	ok
converted	78c62d4e-abf1-405b-bb51-368720814529	/mnt/shared-storage-user/dnacoding/wangzhongqi/Data/cellxgene/Homo_sapiens/78c62d4e-abf1-405b-bb51-368720814529/full.zarr.zip	446634081	3.4710256457328796	6	322	ok
converted	7970bd6b-f752-47a9-8643-2af16855ec49	/mnt/shared-storage-user/dnacoding/wangzhongqi/Data/cellxgene/Homo_sapiens/7970bd6b-f752-47a9-8643-2af16855ec49/full.zarr.zip	194909548	1.666512817144394	6	138	ok
converted	72955cdb-bd92-4135-aa52-21f33f9640db	/mnt/shared-storage-user/dnacoding/wangzhongqi/Data/cellxgene/Homo_sapiens/72955cdb-bd92-4135-aa52-21f33f9640db/full.zarr.zip	3780860091	25.97029772400856	9	2387	ok
converted	79ef1959-a6b4-4cac-82ca-30feaec48df1	/mnt/shared-storage-user/dnacoding/wangzhongqi/Data/cellxgene/Homo_sapiens/79ef1959-a6b4-4cac-82ca-30feaec48df1/full.zarr.zip	61468683	0.6458762958645821	6	46	ok
converted	79884ae5-e026-4d4a-858f-e807960bd4f7	/mnt/shared-storage-user/dnacoding/wangzhongqi/Data/cellxgene/Homo_sapiens/79884ae5-e026-4d4a-858f-e807960bd4f7/full.zarr.zip	203130831	1.299564752727747	6	142	ok
converted	7b316f62-7fa0-4b95-bac9-e90866038a85	/mnt/shared-storage-user/dnacoding/wangzhongqi/Data/cellxgene/Homo_sapiens/7b316f62-7fa0-4b95-bac9-e90866038a85/full.zarr.zip	422284257	2.862673930823803	3	451	ok
converted	7b75b2c4-6d99-40be-9a61-391455d859e6	/mnt/shared-storage-user/dnacoding/wangzhongqi/Data/cellxgene/Homo_sapiens/7b75b2c4-6d99-40be-9a61-391455d859e6/full.zarr.zip	62237051	0.664264440536499	6	50	ok
converted	74cff64f-9da9-4b2a-9b3b-8a04a1598040	/mnt/shared-storage-user/dnacoding/wangzhongqi/Data/cellxgene/Homo_sapiens/74cff64f-9da9-4b2a-9b3b-8a04a1598040/full.zarr.zip	4256191539	31.963935397565365	6	2978	ok
converted	7c1c3d47-3166-43e5-9a95-65ceb2d45f78	/mnt/shared-storage-user/dnacoding/wangzhongqi/Data/cellxgene/Homo_sapiens/7c1c3d47-3166-43e5-9a95-65ceb2d45f78/full.zarr.zip	329642472	2.265788219869137	3	359	ok
converted	7b20c613-9add-43d1-87e9-defd3d9b9f8c	/mnt/shared-storage-user/dnacoding/wangzhongqi/Data/cellxgene/Homo_sapiens/7b20c613-9add-43d1-87e9-defd3d9b9f8c/full.zarr.zip	3429329236	23.01428923383355	6	2386	ok
converted	7cd3c321-e487-4b51-a8af-9bf671b59fe5	/mnt/shared-storage-user/dnacoding/wangzhongqi/Data/cellxgene/Homo_sapiens/7cd3c321-e487-4b51-a8af-9bf671b59fe5/full.zarr.zip	192647661	1.4238506704568863	3	213	ok
converted	7bb64315-9e5a-41b9-9235-59acf9642a3e	/mnt/shared-storage-user/dnacoding/wangzhongqi/Data/cellxgene/Homo_sapiens/7bb64315-9e5a-41b9-9235-59acf9642a3e/full.zarr.zip	3133412761	22.056643553078175	6	2034	ok
converted	7d98cc44-b090-4dc8-804f-2750c84fe9d7	/mnt/shared-storage-user/dnacoding/wangzhongqi/Data/cellxgene/Homo_sapiens/7d98cc44-b090-4dc8-804f-2750c84fe9d7/full.zarr.zip	25311748	0.3216388002038002	6	22	ok
converted	7d3ab174-e433-40fc-a352-6fe71b1a19f9	/mnt/shared-storage-user/dnacoding/wangzhongqi/Data/cellxgene/Homo_sapiens/7d3ab174-e433-40fc-a352-6fe71b1a19f9/full.zarr.zip	269358155	1.8996155373752117	3	287	ok
converted	7db0c178-b0a4-442f-ba54-e9e1633a84bb	/mnt/shared-storage-user/dnacoding/wangzhongqi/Data/cellxgene/Homo_sapiens/7db0c178-b0a4-442f-ba54-e9e1633a84bb/full.zarr.zip	474535949	3.4140074625611305	3	517	ok
converted	7e7f63c5-d964-40be-83de-ecbcccafd233	/mnt/shared-storage-user/dnacoding/wangzhongqi/Data/cellxgene/Homo_sapiens/7e7f63c5-d964-40be-83de-ecbcccafd233/full.zarr.zip	457891531	3.8406773060560226	6	342	ok
converted	7ee4b15b-b543-4a8f-a602-ab0344729caf	/mnt/shared-storage-user/dnacoding/wangzhongqi/Data/cellxgene/Homo_sapiens/7ee4b15b-b543-4a8f-a602-ab0344729caf/full.zarr.zip	261722509	1.92713413387537	6	190	ok
converted	7f08cbcc-5790-4576-8478-10e9a999b316	/mnt/shared-storage-user/dnacoding/wangzhongqi/Data/cellxgene/Homo_sapiens/7f08cbcc-5790-4576-8478-10e9a999b316/full.zarr.zip	818178316	6.667115695774555	6	634	ok
converted	6725ee8e-ef5b-4e68-8901-61bd14a1fe73	/mnt/shared-storage-user/dnacoding/wangzhongqi/Data/cellxgene/Homo_sapiens/6725ee8e-ef5b-4e68-8901-61bd14a1fe73/full.zarr.zip	15654683132	122.71223906800151	6	10922	ok
converted	8039c63d-08b0-4fc9-af0f-5b57f08ca0da	/mnt/shared-storage-user/dnacoding/wangzhongqi/Data/cellxgene/Homo_sapiens/8039c63d-08b0-4fc9-af0f-5b57f08ca0da/full.zarr.zip	71333778	0.5766687840223312	3	77	ok
converted	8058d760-09e6-4bdd-86a1-36917ffca3ef	/mnt/shared-storage-user/dnacoding/wangzhongqi/Data/cellxgene/Homo_sapiens/8058d760-09e6-4bdd-86a1-36917ffca3ef/full.zarr.zip	2122717447	15.332519605755806	6	1426	ok
converted	74014ef8-d2d0-4cbc-8ba2-037f30753ffd	/mnt/shared-storage-user/dnacoding/wangzhongqi/Data/cellxgene/Homo_sapiens/74014ef8-d2d0-4cbc-8ba2-037f30753ffd/full.zarr.zip	11719394308	81.99307013303041	6	7942	ok
converted	80d7111d-f9fe-49fd-871e-6e618312c341	/mnt/shared-storage-user/dnacoding/wangzhongqi/Data/cellxgene/Homo_sapiens/80d7111d-f9fe-49fd-871e-6e618312c341/full.zarr.zip	68017857	0.6719766445457935	6	50	ok
converted	821a8e3e-87ec-41ee-bd69-cd4377057d38	/mnt/shared-storage-user/dnacoding/wangzhongqi/Data/cellxgene/Homo_sapiens/821a8e3e-87ec-41ee-bd69-cd4377057d38/full.zarr.zip	423205639	3.2960638366639614	6	326	ok
converted	82691839-6879-4810-90f3-67e953f328a3	/mnt/shared-storage-user/dnacoding/wangzhongqi/Data/cellxgene/Homo_sapiens/82691839-6879-4810-90f3-67e953f328a3/full.zarr.zip	639798833	4.8121043518185616	9	549	ok
converted	829a3cd1-a466-49f1-b2e9-d3f6b7f392e2	/mnt/shared-storage-user/dnacoding/wangzhongqi/Data/cellxgene/Homo_sapiens/829a3cd1-a466-49f1-b2e9-d3f6b7f392e2/full.zarr.zip	928793405	6.0635373666882515	6	630	ok
converted	82f6af6d-5313-439a-9936-5e844be49a70	/mnt/shared-storage-user/dnacoding/wangzhongqi/Data/cellxgene/Homo_sapiens/82f6af6d-5313-439a-9936-5e844be49a70/full.zarr.zip	125338332	0.9753875099122524	3	139	ok
converted	53d208b0-2cfd-4366-9866-c3c6114081bc	/mnt/shared-storage-user/dnacoding/wangzhongqi/Data/cellxgene/Homo_sapiens/53d208b0-2cfd-4366-9866-c3c6114081bc/full.zarr.zip	45261626359	283.60480658337474	12	28360	ok
converted	835fa5c4-3278-4abd-b0bd-71d7f498b2dc	/mnt/shared-storage-user/dnacoding/wangzhongqi/Data/cellxgene/Homo_sapiens/835fa5c4-3278-4abd-b0bd-71d7f498b2dc/full.zarr.zip	978100479	6.47410162165761	6	674	ok
converted	84230ea4-998d-4aa8-8456-81dd54ce23af	/mnt/shared-storage-user/dnacoding/wangzhongqi/Data/cellxgene/Homo_sapiens/84230ea4-998d-4aa8-8456-81dd54ce23af/full.zarr.zip	60082860	0.5505171604454517	6	46	ok
converted	83caa705-a765-4f99-9bf2-1d8b01674104	/mnt/shared-storage-user/dnacoding/wangzhongqi/Data/cellxgene/Homo_sapiens/83caa705-a765-4f99-9bf2-1d8b01674104/full.zarr.zip	191836577	1.5011267811059952	6	134	ok
converted	80a2c5b6-02e7-4fc0-9f12-179f5247c1bc	/mnt/shared-storage-user/dnacoding/wangzhongqi/Data/cellxgene/Homo_sapiens/80a2c5b6-02e7-4fc0-9f12-179f5247c1bc/full.zarr.zip	5041733212	24.99750493094325	6	3028	ok
converted	7c497c66-c2e2-4291-8b96-339e5e65f314	/mnt/shared-storage-user/dnacoding/wangzhongqi/Data/cellxgene/Homo_sapiens/7c497c66-c2e2-4291-8b96-339e5e65f314/full.zarr.zip	13897101155	71.0383641757071	9	7487	ok
converted	84cfa5aa-a0d1-415e-ac47-eb66c9cf8170	/mnt/shared-storage-user/dnacoding/wangzhongqi/Data/cellxgene/Homo_sapiens/84cfa5aa-a0d1-415e-ac47-eb66c9cf8170/full.zarr.zip	962670830	4.360965937376022	6	582	ok
converted	856c1b98-5727-49da-bf0f-151bdb8cb056	/mnt/shared-storage-user/dnacoding/wangzhongqi/Data/cellxgene/Homo_sapiens/856c1b98-5727-49da-bf0f-151bdb8cb056/full.zarr.zip	44021423	0.3038620352745056	3	33	ok
converted	85c60876-7f35-40c5-a256-7808d84c6ba5	/mnt/shared-storage-user/dnacoding/wangzhongqi/Data/cellxgene/Homo_sapiens/85c60876-7f35-40c5-a256-7808d84c6ba5/full.zarr.zip	1479981492	11.429515581578016	6	1082	ok
converted	8623d55f-d91c-41c2-ae68-ed2072fd268d	/mnt/shared-storage-user/dnacoding/wangzhongqi/Data/cellxgene/Homo_sapiens/8623d55f-d91c-41c2-ae68-ed2072fd268d/full.zarr.zip	145919988	1.3535259068012238	6	118	ok
converted	86282760-5099-4c71-8cdd-412dcbbbd0b9	/mnt/shared-storage-user/dnacoding/wangzhongqi/Data/cellxgene/Homo_sapiens/86282760-5099-4c71-8cdd-412dcbbbd0b9/full.zarr.zip	195668482	1.059050865471363	6	110	ok
converted	7b55fe5c-d5c8-48e0-a1a3-54c5b9074f3f	/mnt/shared-storage-user/dnacoding/wangzhongqi/Data/cellxgene/Homo_sapiens/7b55fe5c-d5c8-48e0-a1a3-54c5b9074f3f/full.zarr.zip	22045541247	108.57362395897508	6	11840	ok
converted	8560f809-5794-484e-9152-b63efa91d134	/mnt/shared-storage-user/dnacoding/wangzhongqi/Data/cellxgene/Homo_sapiens/8560f809-5794-484e-9152-b63efa91d134/full.zarr.zip	3882311047	26.71021432429552	6	2642	ok
converted	867757c1-3b1a-49d9-a0cd-17767eb160cc	/mnt/shared-storage-user/dnacoding/wangzhongqi/Data/cellxgene/Homo_sapiens/867757c1-3b1a-49d9-a0cd-17767eb160cc/full.zarr.zip	250232699	1.9476619064807892	6	210	ok
converted	87a06a2a-16c6-42f7-af1b-529fad431051	/mnt/shared-storage-user/dnacoding/wangzhongqi/Data/cellxgene/Homo_sapiens/87a06a2a-16c6-42f7-af1b-529fad431051/full.zarr.zip	353333853	2.7849864922463894	6	246	ok
converted	843c1459-e852-429c-9339-17b5760e7716	/mnt/shared-storage-user/dnacoding/wangzhongqi/Data/cellxgene/Homo_sapiens/843c1459-e852-429c-9339-17b5760e7716/full.zarr.zip	4972205834	31.606252919882536	6	3654	ok
converted	881fe679-c6e0-45a3-9427-c4e81be6921f	/mnt/shared-storage-user/dnacoding/wangzhongqi/Data/cellxgene/Homo_sapiens/881fe679-c6e0-45a3-9427-c4e81be6921f/full.zarr.zip	76737768	0.7277958877384663	6	58	ok
converted	8a554710-08bc-4005-87cd-da9675bdc2e7	/mnt/shared-storage-user/dnacoding/wangzhongqi/Data/cellxgene/Homo_sapiens/8a554710-08bc-4005-87cd-da9675bdc2e7/full.zarr.zip	26109980	0.3355902023613453	6	22	ok
converted	88a01d4a-5197-45be-b5ae-e019aef43376	/mnt/shared-storage-user/dnacoding/wangzhongqi/Data/cellxgene/Homo_sapiens/88a01d4a-5197-45be-b5ae-e019aef43376/full.zarr.zip	313257249	1.9418712817132473	3	345	ok
converted	8b2e5453-faf7-46ea-9073-aea69b283cb7	/mnt/shared-storage-user/dnacoding/wangzhongqi/Data/cellxgene/Homo_sapiens/8b2e5453-faf7-46ea-9073-aea69b283cb7/full.zarr.zip	307906128	2.5970368273556232	6	224	ok
converted	862a4311-5ab1-48cf-b517-db2c1bb9d531	/mnt/shared-storage-user/dnacoding/wangzhongqi/Data/cellxgene/Homo_sapiens/862a4311-5ab1-48cf-b517-db2c1bb9d531/full.zarr.zip	2223452129	15.694019172340631	6	1594	ok
converted	881e0e6b-a185-45f1-9b56-81606e91e7ff	/mnt/shared-storage-user/dnacoding/wangzhongqi/Data/cellxgene/Homo_sapiens/881e0e6b-a185-45f1-9b56-81606e91e7ff/full.zarr.zip	866107659	5.689171649515629	6	570	ok
converted	8d73847b-33e7-48f0-837f-e3e6579bf12d	/mnt/shared-storage-user/dnacoding/wangzhongqi/Data/cellxgene/Homo_sapiens/8d73847b-33e7-48f0-837f-e3e6579bf12d/full.zarr.zip	137304557	1.2207328155636787	6	106	ok
converted	8dc29642-be06-46dc-a289-8075915745d4	/mnt/shared-storage-user/dnacoding/wangzhongqi/Data/cellxgene/Homo_sapiens/8dc29642-be06-46dc-a289-8075915745d4/full.zarr.zip	199182951	1.666864637285471	6	142	ok
converted	8dc858b0-b076-4326-94bb-7c2d1cd721a3	/mnt/shared-storage-user/dnacoding/wangzhongqi/Data/cellxgene/Homo_sapiens/8dc858b0-b076-4326-94bb-7c2d1cd721a3/full.zarr.zip	240131677	1.955438930541277	6	160	ok
converted	8c42cfd0-0b0a-46d5-910c-fc833d83c45e	/mnt/shared-storage-user/dnacoding/wangzhongqi/Data/cellxgene/Homo_sapiens/8c42cfd0-0b0a-46d5-910c-fc833d83c45e/full.zarr.zip	741009834	5.455615751445293	6	506	ok
converted	8e47ed12-c658-4252-b126-381df8d52a3d	/mnt/shared-storage-user/dnacoding/wangzhongqi/Data/cellxgene/Homo_sapiens/8e47ed12-c658-4252-b126-381df8d52a3d/full.zarr.zip	244791121	2.020767640322447	6	174	ok
converted	8e5978bd-0e48-4a09-a92d-fa2985059f05	/mnt/shared-storage-user/dnacoding/wangzhongqi/Data/cellxgene/Homo_sapiens/8e5978bd-0e48-4a09-a92d-fa2985059f05/full.zarr.zip	439072432	3.0514755323529243	6	294	ok
converted	8f3e7fcf-0b16-4a29-a5f1-a7a8b267d689	/mnt/shared-storage-user/dnacoding/wangzhongqi/Data/cellxgene/Homo_sapiens/8f3e7fcf-0b16-4a29-a5f1-a7a8b267d689/full.zarr.zip	831514770	6.059171125292778	6	562	ok
converted	8fbed309-d3d4-441b-b3ff-e2dcbcec2d35	/mnt/shared-storage-user/dnacoding/wangzhongqi/Data/cellxgene/Homo_sapiens/8fbed309-d3d4-441b-b3ff-e2dcbcec2d35/full.zarr.zip	1003658735	6.387999340891838	6	678	ok
converted	8fcf0ccc-67b2-43a3-90be-075f85169bef	/mnt/shared-storage-user/dnacoding/wangzhongqi/Data/cellxgene/Homo_sapiens/8fcf0ccc-67b2-43a3-90be-075f85169bef/full.zarr.zip	158347838	1.3123650252819061	6	114	ok
converted	8f4f8502-9170-4ac2-9707-3b6985ebfe5f	/mnt/shared-storage-user/dnacoding/wangzhongqi/Data/cellxgene/Homo_sapiens/8f4f8502-9170-4ac2-9707-3b6985ebfe5f/full.zarr.zip	1656504960	14.067447368055582	6	1410	ok
converted	8ff0cef9-393e-43de-9722-a1e12c239727	/mnt/shared-storage-user/dnacoding/wangzhongqi/Data/cellxgene/Homo_sapiens/8ff0cef9-393e-43de-9722-a1e12c239727/full.zarr.zip	445877585	2.4288716800510883	6	294	ok
converted	900fdf13-150d-4695-9f8c-4c09105ba2eb	/mnt/shared-storage-user/dnacoding/wangzhongqi/Data/cellxgene/Homo_sapiens/900fdf13-150d-4695-9f8c-4c09105ba2eb/full.zarr.zip	337096295	2.3311169892549515	3	367	ok
converted	842c6f5d-4a94-4eef-8510-8c792d1124bc	/mnt/shared-storage-user/dnacoding/wangzhongqi/Data/cellxgene/Homo_sapiens/842c6f5d-4a94-4eef-8510-8c792d1124bc/full.zarr.zip	8403803491	58.15528493747115	6	5668	ok
converted	90d4a63b-5c02-43eb-acde-c49345681601	/mnt/shared-storage-user/dnacoding/wangzhongqi/Data/cellxgene/Homo_sapiens/90d4a63b-5c02-43eb-acde-c49345681601/full.zarr.zip	795034564	4.274895537644625	6	434	ok
converted	9133e1f5-3870-435b-871d-d8ea467e111e	/mnt/shared-storage-user/dnacoding/wangzhongqi/Data/cellxgene/Homo_sapiens/9133e1f5-3870-435b-871d-d8ea467e111e/full.zarr.zip	432824404	3.348096914589405	6	286	ok
converted	7f7faf6b-f11d-4f07-bc1c-188a4472748d	/mnt/shared-storage-user/dnacoding/wangzhongqi/Data/cellxgene/Homo_sapiens/7f7faf6b-f11d-4f07-bc1c-188a4472748d/full.zarr.zip	21738602750	111.34204357117414	6	11658	ok
converted	92161459-9103-4379-ae34-73a38eee1d1d	/mnt/shared-storage-user/dnacoding/wangzhongqi/Data/cellxgene/Homo_sapiens/92161459-9103-4379-ae34-73a38eee1d1d/full.zarr.zip	734682733	4.692383196204901	3	775	ok
converted	93131426-0124-4ab4-a013-9dfbcd99d467	/mnt/shared-storage-user/dnacoding/wangzhongqi/Data/cellxgene/Homo_sapiens/93131426-0124-4ab4-a013-9dfbcd99d467/full.zarr.zip	249740221	1.73463636636734	3	275	ok
converted	9372df2d-13d6-4fac-980b-919a5b7eb483	/mnt/shared-storage-user/dnacoding/wangzhongqi/Data/cellxgene/Homo_sapiens/9372df2d-13d6-4fac-980b-919a5b7eb483/full.zarr.zip	246467416	1.559653203934431	3	269	ok
converted	93091496-be48-4122-b945-9af9c22a7535	/mnt/shared-storage-user/dnacoding/wangzhongqi/Data/cellxgene/Homo_sapiens/93091496-be48-4122-b945-9af9c22a7535/full.zarr.zip	2499449646	10.2435471303761	7	1001	ok
converted	92594117-6e7c-47bd-bd6b-65c52cea167b	/mnt/shared-storage-user/dnacoding/wangzhongqi/Data/cellxgene/Homo_sapiens/92594117-6e7c-47bd-bd6b-65c52cea167b/full.zarr.zip	1754374641	12.469216715544462	6	1226	ok
converted	944dedde-03e5-456d-996d-7250f7247b85	/mnt/shared-storage-user/dnacoding/wangzhongqi/Data/cellxgene/Homo_sapiens/944dedde-03e5-456d-996d-7250f7247b85/full.zarr.zip	390249802	3.0407217517495155	6	258	ok
converted	949ec7fc-ac54-47c9-bb6f-ee9e67688cce	/mnt/shared-storage-user/dnacoding/wangzhongqi/Data/cellxgene/Homo_sapiens/949ec7fc-ac54-47c9-bb6f-ee9e67688cce/full.zarr.zip	398937482	3.0110249146819115	3	443	ok
converted	95d3b0fb-b8a7-4bec-a2e8-cded3222ff07	/mnt/shared-storage-user/dnacoding/wangzhongqi/Data/cellxgene/Homo_sapiens/95d3b0fb-b8a7-4bec-a2e8-cded3222ff07/full.zarr.zip	67230644	0.49827058613300323	3	63	ok
converted	91f31e05-56d8-46fc-b408-d90c9228a81b	/mnt/shared-storage-user/dnacoding/wangzhongqi/Data/cellxgene/Homo_sapiens/91f31e05-56d8-46fc-b408-d90c9228a81b/full.zarr.zip	3781581054	19.13601502403617	6	2426	ok
converted	8d1dd010-5cbc-43fb-83f8-e0de8e8517da	/mnt/shared-storage-user/dnacoding/wangzhongqi/Data/cellxgene/Homo_sapiens/8d1dd010-5cbc-43fb-83f8-e0de8e8517da/full.zarr.zip	6320836493	45.56078032404184	6	4678	ok
converted	94c41723-b2c4-4b59-a49a-64c9b851903e	/mnt/shared-storage-user/dnacoding/wangzhongqi/Data/cellxgene/Homo_sapiens/94c41723-b2c4-4b59-a49a-64c9b851903e/full.zarr.zip	788322376	6.59026375412941	6	626	ok
converted	965386e9-1e4f-466d-bf59-ebdca4b66b9b	/mnt/shared-storage-user/dnacoding/wangzhongqi/Data/cellxgene/Homo_sapiens/965386e9-1e4f-466d-bf59-ebdca4b66b9b/full.zarr.zip	807696925	6.202437460422516	6	582	ok
converted	96d4a4cd-db8e-4320-af10-a7d9418bc647	/mnt/shared-storage-user/dnacoding/wangzhongqi/Data/cellxgene/Homo_sapiens/96d4a4cd-db8e-4320-af10-a7d9418bc647/full.zarr.zip	650730800	5.043705064803362	6	474	ok
converted	96baf2e0-60c5-48cf-b1d1-cba657851507	/mnt/shared-storage-user/dnacoding/wangzhongqi/Data/cellxgene/Homo_sapiens/96baf2e0-60c5-48cf-b1d1-cba657851507/full.zarr.zip	865403339	7.170379534363747	6	658	ok
converted	9813a1d4-d107-459e-9b2e-7687be935f69	/mnt/shared-storage-user/dnacoding/wangzhongqi/Data/cellxgene/Homo_sapiens/9813a1d4-d107-459e-9b2e-7687be935f69/full.zarr.zip	265320129	2.2450307458639145	6	198	ok
converted	98219f72-0f9a-4de9-a859-c81834f24ab1	/mnt/shared-storage-user/dnacoding/wangzhongqi/Data/cellxgene/Homo_sapiens/98219f72-0f9a-4de9-a859-c81834f24ab1/full.zarr.zip	484829291	3.798868864774704	6	346	ok
converted	7ff0197b-d175-49bf-b4fa-150fe0995d93	/mnt/shared-storage-user/dnacoding/wangzhongqi/Data/cellxgene/Homo_sapiens/7ff0197b-d175-49bf-b4fa-150fe0995d93/full.zarr.zip	16089693497	139.74054034799337	6	12142	ok
converted	93cb76aa-a84b-4a92-8e6c-66a914e26d4c	/mnt/shared-storage-user/dnacoding/wangzhongqi/Data/cellxgene/Homo_sapiens/93cb76aa-a84b-4a92-8e6c-66a914e26d4c/full.zarr.zip	4469849616	30.001781176775694	6	3226	ok
converted	9968be68-ab65-4a38-9e1a-c9b6abece194	/mnt/shared-storage-user/dnacoding/wangzhongqi/Data/cellxgene/Homo_sapiens/9968be68-ab65-4a38-9e1a-c9b6abece194/full.zarr.zip	674232982	4.612353887408972	3	715	ok
converted	963a08cb-d995-4862-9614-f9d38a7d7540	/mnt/shared-storage-user/dnacoding/wangzhongqi/Data/cellxgene/Homo_sapiens/963a08cb-d995-4862-9614-f9d38a7d7540/full.zarr.zip	3789742399	28.133023370057344	6	2606	ok
converted	99950e99-2758-41d2-b2c9-643edcdf6d82	/mnt/shared-storage-user/dnacoding/wangzhongqi/Data/cellxgene/Homo_sapiens/99950e99-2758-41d2-b2c9-643edcdf6d82/full.zarr.zip	887263178	7.343990348279476	6	630	ok
converted	99e317c0-1fab-4f73-b511-859e752fd1c3	/mnt/shared-storage-user/dnacoding/wangzhongqi/Data/cellxgene/Homo_sapiens/99e317c0-1fab-4f73-b511-859e752fd1c3/full.zarr.zip	1018089208	6.930159997195005	6	710	ok
converted	9bfecd44-e6b5-4072-9b64-cb7f0a117f88	/mnt/shared-storage-user/dnacoding/wangzhongqi/Data/cellxgene/Homo_sapiens/9bfecd44-e6b5-4072-9b64-cb7f0a117f88/full.zarr.zip	153459163	0.9252591095864773	3	121	ok
converted	9928ad5f-6afd-4fb0-89b0-6690e2a2ce25	/mnt/shared-storage-user/dnacoding/wangzhongqi/Data/cellxgene/Homo_sapiens/9928ad5f-6afd-4fb0-89b0-6690e2a2ce25/full.zarr.zip	1943494283	17.2050013653934	6	1762	ok
converted	9a281de7-cee5-4e80-8584-1929f46f152f	/mnt/shared-storage-user/dnacoding/wangzhongqi/Data/cellxgene/Homo_sapiens/9a281de7-cee5-4e80-8584-1929f46f152f/full.zarr.zip	578992223	3.968520864844322	6	590	ok
converted	9a64bf99-ebe5-4276-93a8-bee9dff1cd47	/mnt/shared-storage-user/dnacoding/wangzhongqi/Data/cellxgene/Homo_sapiens/9a64bf99-ebe5-4276-93a8-bee9dff1cd47/full.zarr.zip	560848519	4.402952361851931	6	390	ok
converted	9c1b5626-58df-4401-ae7b-f66d068c1551	/mnt/shared-storage-user/dnacoding/wangzhongqi/Data/cellxgene/Homo_sapiens/9c1b5626-58df-4401-ae7b-f66d068c1551/full.zarr.zip	721349274	3.7410868629813194	6	420	ok
converted	9d5df009-eb76-43a3-b6cd-22017cc53700	/mnt/shared-storage-user/dnacoding/wangzhongqi/Data/cellxgene/Homo_sapiens/9d5df009-eb76-43a3-b6cd-22017cc53700/full.zarr.zip	969839078	7.351512551307678	6	666	ok
converted	9d8e5dca-03a3-457d-b7fb-844c75735c83	/mnt/shared-storage-user/dnacoding/wangzhongqi/Data/cellxgene/Homo_sapiens/9d8e5dca-03a3-457d-b7fb-844c75735c83/full.zarr.zip	1465079171	7.221054758876562	9	791	ok
converted	9df60c57-fdf3-4e93-828e-fe9303f20438	/mnt/shared-storage-user/dnacoding/wangzhongqi/Data/cellxgene/Homo_sapiens/9df60c57-fdf3-4e93-828e-fe9303f20438/full.zarr.zip	156495889	1.290076345205307	6	126	ok
converted	9ea768a2-87ab-46b6-a73d-c4e915f25af3	/mnt/shared-storage-user/dnacoding/wangzhongqi/Data/cellxgene/Homo_sapiens/9ea768a2-87ab-46b6-a73d-c4e915f25af3/full.zarr.zip	210945729	1.7064769752323627	6	152	ok
converted	9ec34295-ab16-47e2-af33-b884143e520b	/mnt/shared-storage-user/dnacoding/wangzhongqi/Data/cellxgene/Homo_sapiens/9ec34295-ab16-47e2-af33-b884143e520b/full.zarr.zip	301613359	2.145743504166603	3	325	ok
converted	98f5d518-1e60-4307-b732-ab045cd3cbc2	/mnt/shared-storage-user/dnacoding/wangzhongqi/Data/cellxgene/Homo_sapiens/98f5d518-1e60-4307-b732-ab045cd3cbc2/full.zarr.zip	4813970056	32.33922030031681	6	3082	ok
converted	9ddea8d9-cc4c-420a-90f6-880996f808d4	/mnt/shared-storage-user/dnacoding/wangzhongqi/Data/cellxgene/Homo_sapiens/9ddea8d9-cc4c-420a-90f6-880996f808d4/full.zarr.zip	1385915775	11.37670711427927	6	1062	ok
converted	9f499d32-400d-4c42-ac9a-fb1481844fee	/mnt/shared-storage-user/dnacoding/wangzhongqi/Data/cellxgene/Homo_sapiens/9f499d32-400d-4c42-ac9a-fb1481844fee/full.zarr.zip	406334511	2.9487019293010235	3	441	ok
converted	9ea52f85-a35e-4b5b-9207-e2f1de7dbbcd	/mnt/shared-storage-user/dnacoding/wangzhongqi/Data/cellxgene/Homo_sapiens/9ea52f85-a35e-4b5b-9207-e2f1de7dbbcd/full.zarr.zip	3227795962	13.505184166133404	7	1354	ok
converted	9fcb0b73-c734-40a5-be9c-ace7eea401c9	/mnt/shared-storage-user/dnacoding/wangzhongqi/Data/cellxgene/Homo_sapiens/9fcb0b73-c734-40a5-be9c-ace7eea401c9/full.zarr.zip	830825305	6.321868173778057	6	558	ok
converted	a1058181-73af-4436-ba0a-9e3925d1f1c7	/mnt/shared-storage-user/dnacoding/wangzhongqi/Data/cellxgene/Homo_sapiens/a1058181-73af-4436-ba0a-9e3925d1f1c7/full.zarr.zip	335854026	2.5972328893840313	6	226	ok
converted	9f1a899f-05a0-44c5-8aa9-39df61ae4324	/mnt/shared-storage-user/dnacoding/wangzhongqi/Data/cellxgene/Homo_sapiens/9f1a899f-05a0-44c5-8aa9-39df61ae4324/full.zarr.zip	2041657044	14.637074518948793	6	1422	ok
converted	8ef06ea4-8d0f-4303-a652-7d4604402b1f	/mnt/shared-storage-user/dnacoding/wangzhongqi/Data/cellxgene/Homo_sapiens/8ef06ea4-8d0f-4303-a652-7d4604402b1f/full.zarr.zip	12726139676	98.0356320887804	6	8640	ok
converted	9fddb063-056d-4202-8b8a-4b0ee531d3ce	/mnt/shared-storage-user/dnacoding/wangzhongqi/Data/cellxgene/Homo_sapiens/9fddb063-056d-4202-8b8a-4b0ee531d3ce/full.zarr.zip	1023123146	7.854475174099207	6	714	ok
converted	a19b218b-1c0a-4618-b41f-7c216c623ec6	/mnt/shared-storage-user/dnacoding/wangzhongqi/Data/cellxgene/Homo_sapiens/a19b218b-1c0a-4618-b41f-7c216c623ec6/full.zarr.zip	427874800	2.873387824743986	3	465	ok
converted	a1b9c51e-a408-4f7f-bccb-abefe20ae2a5	/mnt/shared-storage-user/dnacoding/wangzhongqi/Data/cellxgene/Homo_sapiens/a1b9c51e-a408-4f7f-bccb-abefe20ae2a5/full.zarr.zip	107368625	1.0147937387228012	6	74	ok
converted	a24ce10f-5a87-4e1f-a34a-f4fe5fc84052	/mnt/shared-storage-user/dnacoding/wangzhongqi/Data/cellxgene/Homo_sapiens/a24ce10f-5a87-4e1f-a34a-f4fe5fc84052/full.zarr.zip	150320558	1.0547333396971226	3	141	ok
converted	a199ca73-035d-44e2-9893-4c493151db21	/mnt/shared-storage-user/dnacoding/wangzhongqi/Data/cellxgene/Homo_sapiens/a199ca73-035d-44e2-9893-4c493151db21/full.zarr.zip	1286132386	5.703035097569227	6	630	ok
converted	a20e2f2a-e171-450a-8ddc-8935c2977ad6	/mnt/shared-storage-user/dnacoding/wangzhongqi/Data/cellxgene/Homo_sapiens/a20e2f2a-e171-450a-8ddc-8935c2977ad6/full.zarr.zip	742347755	5.614190045744181	6	538	ok
converted	a30db232-08a6-48f0-ab9f-ad6977b8a6b1	/mnt/shared-storage-user/dnacoding/wangzhongqi/Data/cellxgene/Homo_sapiens/a30db232-08a6-48f0-ab9f-ad6977b8a6b1/full.zarr.zip	825407113	3.6399122662842274	7	369	ok
converted	a4116666-d295-4443-a174-0acc283f92c4	/mnt/shared-storage-user/dnacoding/wangzhongqi/Data/cellxgene/Homo_sapiens/a4116666-d295-4443-a174-0acc283f92c4/full.zarr.zip	224789646	1.6553585268557072	3	249	ok
converted	a4157949-6f2a-40e2-b960-63f6e2bde918	/mnt/shared-storage-user/dnacoding/wangzhongqi/Data/cellxgene/Homo_sapiens/a4157949-6f2a-40e2-b960-63f6e2bde918/full.zarr.zip	399301915	2.710838034749031	6	414	ok
converted	a37f857c-779f-464e-9310-3db43a1811e7	/mnt/shared-storage-user/dnacoding/wangzhongqi/Data/cellxgene/Homo_sapiens/a37f857c-779f-464e-9310-3db43a1811e7/full.zarr.zip	845523980	6.533351760357618	6	662	ok
converted	a59ba9fa-1407-4f15-8c56-d3637421570d	/mnt/shared-storage-user/dnacoding/wangzhongqi/Data/cellxgene/Homo_sapiens/a59ba9fa-1407-4f15-8c56-d3637421570d/full.zarr.zip	123703466	0.8637173622846603	3	135	ok
converted	a5b5d1f3-dd8b-44f6-a685-15f0f741c062	/mnt/shared-storage-user/dnacoding/wangzhongqi/Data/cellxgene/Homo_sapiens/a5b5d1f3-dd8b-44f6-a685-15f0f741c062/full.zarr.zip	56423080	0.4916063919663429	3	61	ok
converted	a65bcc2d-4243-44c1-a262-ab7dcddfcf86	/mnt/shared-storage-user/dnacoding/wangzhongqi/Data/cellxgene/Homo_sapiens/a65bcc2d-4243-44c1-a262-ab7dcddfcf86/full.zarr.zip	19186292	0.26750532910227776	6	18	ok
converted	a77176ec-96c8-4448-a3e7-b56940bdfab6	/mnt/shared-storage-user/dnacoding/wangzhongqi/Data/cellxgene/Homo_sapiens/a77176ec-96c8-4448-a3e7-b56940bdfab6/full.zarr.zip	326132100	1.4832220673561096	6	214	ok
converted	a7b4f565-691d-43ea-bf4a-d2d1d52bb4b4	/mnt/shared-storage-user/dnacoding/wangzhongqi/Data/cellxgene/Homo_sapiens/a7b4f565-691d-43ea-bf4a-d2d1d52bb4b4/full.zarr.zip	206974692	1.461444217711687	3	225	ok
converted	a41fb1c7-87d1-4840-a375-a1a6b3ab6737	/mnt/shared-storage-user/dnacoding/wangzhongqi/Data/cellxgene/Homo_sapiens/a41fb1c7-87d1-4840-a375-a1a6b3ab6737/full.zarr.zip	1504948761	9.577481172978878	6	1572	ok
converted	a82c43bb-a703-446d-aa24-049bf013121f	/mnt/shared-storage-user/dnacoding/wangzhongqi/Data/cellxgene/Homo_sapiens/a82c43bb-a703-446d-aa24-049bf013121f/full.zarr.zip	619489052	2.9952683113515377	6	366	ok
converted	a9bedd04-51cb-42ad-83fe-cd749de71f1b	/mnt/shared-storage-user/dnacoding/wangzhongqi/Data/cellxgene/Homo_sapiens/a9bedd04-51cb-42ad-83fe-cd749de71f1b/full.zarr.zip	66466364	0.6728412173688412	6	50	ok
converted	a84face4-eb30-4f43-994f-c6a13a097808	/mnt/shared-storage-user/dnacoding/wangzhongqi/Data/cellxgene/Homo_sapiens/a84face4-eb30-4f43-994f-c6a13a097808/full.zarr.zip	218767622	1.5698843486607075	3	243	ok
converted	a19d1667-a7b5-4556-9e5f-f9bfa690c0f1	/mnt/shared-storage-user/dnacoding/wangzhongqi/Data/cellxgene/Homo_sapiens/a19d1667-a7b5-4556-9e5f-f9bfa690c0f1/full.zarr.zip	6649811414	31.18476339429617	9	4183	ok
converted	978a566a-dc27-478d-b306-26daba116c1f	/mnt/shared-storage-user/dnacoding/wangzhongqi/Data/cellxgene/Homo_sapiens/978a566a-dc27-478d-b306-26daba116c1f/full.zarr.zip	11956765092	85.7980365306139	6	8156	ok
converted	ab326369-b63c-48d8-8a7f-82ffa0df7002	/mnt/shared-storage-user/dnacoding/wangzhongqi/Data/cellxgene/Homo_sapiens/ab326369-b63c-48d8-8a7f-82ffa0df7002/full.zarr.zip	717208093	3.909613836556673	6	374	ok
converted	aad97cb5-f375-45ef-ae9d-178e7f5d5180	/mnt/shared-storage-user/dnacoding/wangzhongqi/Data/cellxgene/Homo_sapiens/aad97cb5-f375-45ef-ae9d-178e7f5d5180/full.zarr.zip	1032359828	5.81994554027915	6	490	ok
converted	ac2fea99-ce08-4fca-8d03-a19f37bf21a3	/mnt/shared-storage-user/dnacoding/wangzhongqi/Data/cellxgene/Homo_sapiens/ac2fea99-ce08-4fca-8d03-a19f37bf21a3/full.zarr.zip	1738629059	7.6389250457286835	6	918	ok
converted	aa369999-a034-4ad9-b459-8a93c86ea77b	/mnt/shared-storage-user/dnacoding/wangzhongqi/Data/cellxgene/Homo_sapiens/aa369999-a034-4ad9-b459-8a93c86ea77b/full.zarr.zip	2908048614	22.95867843553424	6	2336	ok
converted	acae7679-d077-461c-b857-ee6ccfeb267f	/mnt/shared-storage-user/dnacoding/wangzhongqi/Data/cellxgene/Homo_sapiens/acae7679-d077-461c-b857-ee6ccfeb267f/full.zarr.zip	337141160	2.2413699701428413	3	359	ok
converted	acd544d0-4d8b-46c7-98b3-fc48f7e6fdb7	/mnt/shared-storage-user/dnacoding/wangzhongqi/Data/cellxgene/Homo_sapiens/acd544d0-4d8b-46c7-98b3-fc48f7e6fdb7/full.zarr.zip	252654300	1.6780211478471756	12	132	ok
converted	adda0684-f8ea-4403-b393-2a25607077c4	/mnt/shared-storage-user/dnacoding/wangzhongqi/Data/cellxgene/Homo_sapiens/adda0684-f8ea-4403-b393-2a25607077c4/full.zarr.zip	102842924	0.713734395802021	3	115	ok
converted	a2c833f7-b7f1-4f4d-ad31-cae478b601b7	/mnt/shared-storage-user/dnacoding/wangzhongqi/Data/cellxgene/Homo_sapiens/a2c833f7-b7f1-4f4d-ad31-cae478b601b7/full.zarr.zip	6403384010	47.51476066187024	6	4598	ok
converted	af8b241a-c72c-4470-b1a4-80e7336c6ab6	/mnt/shared-storage-user/dnacoding/wangzhongqi/Data/cellxgene/Homo_sapiens/af8b241a-c72c-4470-b1a4-80e7336c6ab6/full.zarr.zip	58184088	0.5806959271430969	6	42	ok
converted	aecc2743-4ff2-4b55-ac8c-a1ff76fc4bb4	/mnt/shared-storage-user/dnacoding/wangzhongqi/Data/cellxgene/Homo_sapiens/aecc2743-4ff2-4b55-ac8c-a1ff76fc4bb4/full.zarr.zip	847314835	6.425111595541239	6	618	ok
converted	b07e5164-baf6-43d2-bdba-5a249d0da879	/mnt/shared-storage-user/dnacoding/wangzhongqi/Data/cellxgene/Homo_sapiens/b07e5164-baf6-43d2-bdba-5a249d0da879/full.zarr.zip	43174391	0.5448619909584522	6	50	ok
converted	b07fb54c-d7ad-4995-8bb0-8f3d8611cabe	/mnt/shared-storage-user/dnacoding/wangzhongqi/Data/cellxgene/Homo_sapiens/b07fb54c-d7ad-4995-8bb0-8f3d8611cabe/full.zarr.zip	821567008	6.436648510396481	6	624	ok
converted	6f7fd0f1-a2ed-4ff1-80d3-33dde731cbc3	/mnt/shared-storage-user/dnacoding/wangzhongqi/Data/cellxgene/Homo_sapiens/6f7fd0f1-a2ed-4ff1-80d3-33dde731cbc3/full.zarr.zip	62236719635	343.3041641190648	6	31594	ok
converted	ac0c6561-7a48-4185-af6f-af799f699172	/mnt/shared-storage-user/dnacoding/wangzhongqi/Data/cellxgene/Homo_sapiens/ac0c6561-7a48-4185-af6f-af799f699172/full.zarr.zip	5842992183	37.97299900650978	6	3770	ok
converted	9dbab10c-118d-496b-966a-67f1763a6b7d	/mnt/shared-storage-user/dnacoding/wangzhongqi/Data/cellxgene/Homo_sapiens/9dbab10c-118d-496b-966a-67f1763a6b7d/full.zarr.zip	16158435080	104.80504162237048	6	9214	ok
converted	b25f3834-69b3-4d87-a272-3938432d1f30	/mnt/shared-storage-user/dnacoding/wangzhongqi/Data/cellxgene/Homo_sapiens/b25f3834-69b3-4d87-a272-3938432d1f30/full.zarr.zip	15355436	0.24451569840312004	6	14	ok
converted	b2dda353-0c96-42df-8dcd-1ea7429a6feb	/mnt/shared-storage-user/dnacoding/wangzhongqi/Data/cellxgene/Homo_sapiens/b2dda353-0c96-42df-8dcd-1ea7429a6feb/full.zarr.zip	498930491	3.914544440805912	6	450	ok
converted	b3a5a10f-b1cb-4e8e-abce-bf345448625b	/mnt/shared-storage-user/dnacoding/wangzhongqi/Data/cellxgene/Homo_sapiens/b3a5a10f-b1cb-4e8e-abce-bf345448625b/full.zarr.zip	29532267	0.25487156212329865	6	18	ok
converted	b0ef440b-e303-4ad2-ada8-ce13336280ba	/mnt/shared-storage-user/dnacoding/wangzhongqi/Data/cellxgene/Homo_sapiens/b0ef440b-e303-4ad2-ada8-ce13336280ba/full.zarr.zip	2847176453	18.645406611263752	6	1686	ok
converted	aa32098f-f7b0-43f2-a00a-601d190aae94	/mnt/shared-storage-user/dnacoding/wangzhongqi/Data/cellxgene/Homo_sapiens/aa32098f-f7b0-43f2-a00a-601d190aae94/full.zarr.zip	8303679391	66.47234248742461	3	8455	ok
converted	afae4675-434d-4e89-b5ce-2854c9dc38a3	/mnt/shared-storage-user/dnacoding/wangzhongqi/Data/cellxgene/Homo_sapiens/afae4675-434d-4e89-b5ce-2854c9dc38a3/full.zarr.zip	5352568635	37.82752998173237	6	3954	ok
converted	b550fd94-97e0-42e2-90f7-7434781ea2f8	/mnt/shared-storage-user/dnacoding/wangzhongqi/Data/cellxgene/Homo_sapiens/b550fd94-97e0-42e2-90f7-7434781ea2f8/full.zarr.zip	102215348	0.7609227560460567	6	54	ok
converted	b3c9904b-2ffd-4038-8620-ee1c5b072e9c	/mnt/shared-storage-user/dnacoding/wangzhongqi/Data/cellxgene/Homo_sapiens/b3c9904b-2ffd-4038-8620-ee1c5b072e9c/full.zarr.zip	1393539575	10.745473146438599	6	986	ok
converted	b46237d1-19c6-4af2-9335-9854634bad16	/mnt/shared-storage-user/dnacoding/wangzhongqi/Data/cellxgene/Homo_sapiens/b46237d1-19c6-4af2-9335-9854634bad16/full.zarr.zip	1090340278	7.9131155498325825	6	762	ok
converted	b57462e3-1df5-463a-a3fa-4d67b93ef087	/mnt/shared-storage-user/dnacoding/wangzhongqi/Data/cellxgene/Homo_sapiens/b57462e3-1df5-463a-a3fa-4d67b93ef087/full.zarr.zip	1027536144	7.542491465806961	6	722	ok
converted	b62f728b-a7eb-4889-8162-b3d457de93b9	/mnt/shared-storage-user/dnacoding/wangzhongqi/Data/cellxgene/Homo_sapiens/b62f728b-a7eb-4889-8162-b3d457de93b9/full.zarr.zip	557270755	4.632416106760502	6	434	ok
converted	b61a921b-7fa3-4b42-b455-aaaf32447920	/mnt/shared-storage-user/dnacoding/wangzhongqi/Data/cellxgene/Homo_sapiens/b61a921b-7fa3-4b42-b455-aaaf32447920/full.zarr.zip	1417386399	8.949786741286516	6	898	ok
converted	b58c19c6-bc2d-4461-b9bf-60fa2ac91479	/mnt/shared-storage-user/dnacoding/wangzhongqi/Data/cellxgene/Homo_sapiens/b58c19c6-bc2d-4461-b9bf-60fa2ac91479/full.zarr.zip	2331283222	17.549411803483963	6	1610	ok
converted	b6e502d7-0d07-408e-a291-91b63af0a40a	/mnt/shared-storage-user/dnacoding/wangzhongqi/Data/cellxgene/Homo_sapiens/b6e502d7-0d07-408e-a291-91b63af0a40a/full.zarr.zip	294319916	1.2174511849880219	7	110	ok
converted	b693123e-95e6-4331-8b50-f367489a767e	/mnt/shared-storage-user/dnacoding/wangzhongqi/Data/cellxgene/Homo_sapiens/b693123e-95e6-4331-8b50-f367489a767e/full.zarr.zip	1521025828	8.870371777564287	6	820	ok
converted	b796f27e-e191-4f2d-b40c-e6ac58163b4e	/mnt/shared-storage-user/dnacoding/wangzhongqi/Data/cellxgene/Homo_sapiens/b796f27e-e191-4f2d-b40c-e6ac58163b4e/full.zarr.zip	138725904	0.9304595217108727	3	147	ok
converted	b6b5ea88-e092-46e4-b9c5-e93b52d5c195	/mnt/shared-storage-user/dnacoding/wangzhongqi/Data/cellxgene/Homo_sapiens/b6b5ea88-e092-46e4-b9c5-e93b52d5c195/full.zarr.zip	1186371054	8.464963048696518	6	766	ok
converted	b6ee0939-b5b9-4e03-9d69-96fb6bf5d434	/mnt/shared-storage-user/dnacoding/wangzhongqi/Data/cellxgene/Homo_sapiens/b6ee0939-b5b9-4e03-9d69-96fb6bf5d434/full.zarr.zip	513924797	4.139726180583239	6	402	ok
converted	b617ee1b-f8c8-4de9-b82b-e803ab93550d	/mnt/shared-storage-user/dnacoding/wangzhongqi/Data/cellxgene/Homo_sapiens/b617ee1b-f8c8-4de9-b82b-e803ab93550d/full.zarr.zip	2852401993	19.668791096657515	6	1958	ok
converted	b8681124-aabf-4904-b9c9-66d834bf5bba	/mnt/shared-storage-user/dnacoding/wangzhongqi/Data/cellxgene/Homo_sapiens/b8681124-aabf-4904-b9c9-66d834bf5bba/full.zarr.zip	146121483	1.046195112168789	3	155	ok
converted	bac09168-940b-4b11-8d55-b4955f80b98d	/mnt/shared-storage-user/dnacoding/wangzhongqi/Data/cellxgene/Homo_sapiens/bac09168-940b-4b11-8d55-b4955f80b98d/full.zarr.zip	183367519	1.3507002852857113	3	195	ok
converted	babbf9f3-f482-45a5-ba76-c41f4c2f503e	/mnt/shared-storage-user/dnacoding/wangzhongqi/Data/cellxgene/Homo_sapiens/babbf9f3-f482-45a5-ba76-c41f4c2f503e/full.zarr.zip	297048608	2.3621864803135395	6	214	ok
converted	bd3e3487-c1e6-4298-b9de-8bdcf3f938d7	/mnt/shared-storage-user/dnacoding/wangzhongqi/Data/cellxgene/Homo_sapiens/bd3e3487-c1e6-4298-b9de-8bdcf3f938d7/full.zarr.zip	92893383	0.8163694329559803	6	66	ok
converted	bc7260e0-54cf-4b0b-823d-93f5b850f757	/mnt/shared-storage-user/dnacoding/wangzhongqi/Data/cellxgene/Homo_sapiens/bc7260e0-54cf-4b0b-823d-93f5b850f757/full.zarr.zip	168483726	1.4341131076216698	6	126	ok
converted	bab7432a-5cfe-45ea-928c-422d03c45cdd	/mnt/shared-storage-user/dnacoding/wangzhongqi/Data/cellxgene/Homo_sapiens/bab7432a-5cfe-45ea-928c-422d03c45cdd/full.zarr.zip	678730488	4.2144328355789185	3	699	ok
converted	bdd109f1-ca27-45dc-bb9f-473008449428	/mnt/shared-storage-user/dnacoding/wangzhongqi/Data/cellxgene/Homo_sapiens/bdd109f1-ca27-45dc-bb9f-473008449428/full.zarr.zip	90656954	0.7816087603569031	9	57	ok
converted	be39785b-67cb-4177-be19-a40ee3747e45	/mnt/shared-storage-user/dnacoding/wangzhongqi/Data/cellxgene/Homo_sapiens/be39785b-67cb-4177-be19-a40ee3747e45/full.zarr.zip	280439378	2.3073426112532616	6	194	ok
converted	b7efc0ba-9136-4f3f-adb2-d07849e59a3d	/mnt/shared-storage-user/dnacoding/wangzhongqi/Data/cellxgene/Homo_sapiens/b7efc0ba-9136-4f3f-adb2-d07849e59a3d/full.zarr.zip	1363840859	9.544850792735815	6	910	ok
converted	be884a28-0eac-4eca-9c23-1294a93cf56e	/mnt/shared-storage-user/dnacoding/wangzhongqi/Data/cellxgene/Homo_sapiens/be884a28-0eac-4eca-9c23-1294a93cf56e/full.zarr.zip	182014166	1.4244437515735626	6	130	ok
converted	c05e6940-729c-47bd-a2a6-6ce3730c4919	/mnt/shared-storage-user/dnacoding/wangzhongqi/Data/cellxgene/Homo_sapiens/c05e6940-729c-47bd-a2a6-6ce3730c4919/full.zarr.zip	512089790	3.700086884200573	6	350	ok
converted	bd65a70f-b274-4133-b9dd-0d1431b6af34	/mnt/shared-storage-user/dnacoding/wangzhongqi/Data/cellxgene/Homo_sapiens/bd65a70f-b274-4133-b9dd-0d1431b6af34/full.zarr.zip	1338321077	10.103055473417044	6	966	ok
converted	c05fb583-eb2f-4e3a-8e74-f9bd6414e418	/mnt/shared-storage-user/dnacoding/wangzhongqi/Data/cellxgene/Homo_sapiens/c05fb583-eb2f-4e3a-8e74-f9bd6414e418/full.zarr.zip	136739340	1.2173467762768269	6	102	ok
converted	c0fb0d06-225b-4611-b802-d2f34b438a29	/mnt/shared-storage-user/dnacoding/wangzhongqi/Data/cellxgene/Homo_sapiens/c0fb0d06-225b-4611-b802-d2f34b438a29/full.zarr.zip	686050896	3.44718050211668	6	434	ok
converted	c2a461b1-0c15-4047-9fcb-1f966fe55100	/mnt/shared-storage-user/dnacoding/wangzhongqi/Data/cellxgene/Homo_sapiens/c2a461b1-0c15-4047-9fcb-1f966fe55100/full.zarr.zip	845446997	6.1701759696006775	6	570	ok
converted	c2aad8fc-b63b-4f9b-9cfd-baf7bc9c1771	/mnt/shared-storage-user/dnacoding/wangzhongqi/Data/cellxgene/Homo_sapiens/c2aad8fc-b63b-4f9b-9cfd-baf7bc9c1771/full.zarr.zip	447020009	3.0217711701989174	3	477	ok
converted	be41a86a-b606-4b1c-8055-32f334898775	/mnt/shared-storage-user/dnacoding/wangzhongqi/Data/cellxgene/Homo_sapiens/be41a86a-b606-4b1c-8055-32f334898775/full.zarr.zip	3094278242	23.074281077831984	6	2162	ok
converted	c4dd26a8-d956-4bee-a233-44b573f2ce27	/mnt/shared-storage-user/dnacoding/wangzhongqi/Data/cellxgene/Homo_sapiens/c4dd26a8-d956-4bee-a233-44b573f2ce27/full.zarr.zip	175557678	1.2390177994966507	3	183	ok
converted	be401db3-d732-408a-b0c4-71af0458b8ab	/mnt/shared-storage-user/dnacoding/wangzhongqi/Data/cellxgene/Homo_sapiens/be401db3-d732-408a-b0c4-71af0458b8ab/full.zarr.zip	4019804335	27.693138360977173	6	2902	ok
converted	c5cfa2b7-abb1-4a50-908f-707b54ca606b	/mnt/shared-storage-user/dnacoding/wangzhongqi/Data/cellxgene/Homo_sapiens/c5cfa2b7-abb1-4a50-908f-707b54ca606b/full.zarr.zip	92911875	0.6942419074475765	3	101	ok
converted	c54c9659-1b6b-4d4a-96f0-7dc987410f2d	/mnt/shared-storage-user/dnacoding/wangzhongqi/Data/cellxgene/Homo_sapiens/c54c9659-1b6b-4d4a-96f0-7dc987410f2d/full.zarr.zip	730972030	3.529227629303932	6	420	ok
converted	b0e547f0-462b-4f81-b31b-5b0a5d96f537	/mnt/shared-storage-user/dnacoding/wangzhongqi/Data/cellxgene/Homo_sapiens/b0e547f0-462b-4f81-b31b-5b0a5d96f537/full.zarr.zip	11935025648	85.44261002913117	6	8572	ok
converted	c69fb6cd-fc4d-4216-85cb-8d80e7771786	/mnt/shared-storage-user/dnacoding/wangzhongqi/Data/cellxgene/Homo_sapiens/c69fb6cd-fc4d-4216-85cb-8d80e7771786/full.zarr.zip	208983933	1.67562036216259	6	142	ok
converted	c7856243-c59a-4b70-8ce7-25b94c2d9da1	/mnt/shared-storage-user/dnacoding/wangzhongqi/Data/cellxgene/Homo_sapiens/c7856243-c59a-4b70-8ce7-25b94c2d9da1/full.zarr.zip	196639461	1.431292288005352	3	209	ok
converted	c874f155-9bf9-4928-b821-f52c876b3e48	/mnt/shared-storage-user/dnacoding/wangzhongqi/Data/cellxgene/Homo_sapiens/c874f155-9bf9-4928-b821-f52c876b3e48/full.zarr.zip	62381402	0.7265993058681488	6	46	ok
converted	c3bf8bcf-abb7-4d71-8491-bd4901b474cf	/mnt/shared-storage-user/dnacoding/wangzhongqi/Data/cellxgene/Homo_sapiens/c3bf8bcf-abb7-4d71-8491-bd4901b474cf/full.zarr.zip	1569232609	11.396844927221537	6	1066	ok
converted	c893ddc3-f25b-45e2-8c9e-155918b4261c	/mnt/shared-storage-user/dnacoding/wangzhongqi/Data/cellxgene/Homo_sapiens/c893ddc3-f25b-45e2-8c9e-155918b4261c/full.zarr.zip	703916220	4.524805013090372	3	725	ok
converted	ca140407-efd4-48e3-a040-524b8a7752cc	/mnt/shared-storage-user/dnacoding/wangzhongqi/Data/cellxgene/Homo_sapiens/ca140407-efd4-48e3-a040-524b8a7752cc/full.zarr.zip	495314673	4.116748675704002	6	338	ok
converted	ca20e2ac-5676-4158-b5d0-0c2b15898b19	/mnt/shared-storage-user/dnacoding/wangzhongqi/Data/cellxgene/Homo_sapiens/ca20e2ac-5676-4158-b5d0-0c2b15898b19/full.zarr.zip	103035609	0.8800654225051403	3	109	ok
converted	ca46ffe6-0a26-4d8d-82fa-81722daf1102	/mnt/shared-storage-user/dnacoding/wangzhongqi/Data/cellxgene/Homo_sapiens/ca46ffe6-0a26-4d8d-82fa-81722daf1102/full.zarr.zip	1518483488	12.634244479238987	6	1158	ok
converted	b252b015-b488-4d5c-b16e-968c13e48a2c	/mnt/shared-storage-user/dnacoding/wangzhongqi/Data/cellxgene/Homo_sapiens/b252b015-b488-4d5c-b16e-968c13e48a2c/full.zarr.zip	10670015665	94.68872572854161	6	9888	ok
converted	cab0bc48-744c-461b-aaf4-7bf2cb7af00d	/mnt/shared-storage-user/dnacoding/wangzhongqi/Data/cellxgene/Homo_sapiens/cab0bc48-744c-461b-aaf4-7bf2cb7af00d/full.zarr.zip	50174504	0.5454349331557751	6	38	ok
converted	9f222629-9e39-47d0-b83f-e08d610c7479	/mnt/shared-storage-user/dnacoding/wangzhongqi/Data/cellxgene/Homo_sapiens/9f222629-9e39-47d0-b83f-e08d610c7479/full.zarr.zip	25198013094	189.18412909284234	9	16445	ok
converted	ca421096-6240-4cee-8c12-d20899b3e005	/mnt/shared-storage-user/dnacoding/wangzhongqi/Data/cellxgene/Homo_sapiens/ca421096-6240-4cee-8c12-d20899b3e005/full.zarr.zip	4799749462	24.501003682613373	6	2830	ok
converted	ccfdcad0-7104-46b9-addf-fd66a2a15907	/mnt/shared-storage-user/dnacoding/wangzhongqi/Data/cellxgene/Homo_sapiens/ccfdcad0-7104-46b9-addf-fd66a2a15907/full.zarr.zip	324600731	2.6848616302013397	6	246	ok
converted	cb252df6-6e49-4553-abd1-495a00006fb1	/mnt/shared-storage-user/dnacoding/wangzhongqi/Data/cellxgene/Homo_sapiens/cb252df6-6e49-4553-abd1-495a00006fb1/full.zarr.zip	1921306944	14.643776804208755	6	1350	ok
converted	cd4c96bb-ad66-4e83-ba9e-a7df8790eb12	/mnt/shared-storage-user/dnacoding/wangzhongqi/Data/cellxgene/Homo_sapiens/cd4c96bb-ad66-4e83-ba9e-a7df8790eb12/full.zarr.zip	61708521	0.3568800501525402	6	26	ok
converted	c7775e88-49bf-4ba2-a03b-93f00447c958	/mnt/shared-storage-user/dnacoding/wangzhongqi/Data/cellxgene/Homo_sapiens/c7775e88-49bf-4ba2-a03b-93f00447c958/full.zarr.zip	7692563121	40.45439614728093	6	3422	ok
converted	cbec7853-d996-4493-bbf8-5d82857a4e51	/mnt/shared-storage-user/dnacoding/wangzhongqi/Data/cellxgene/Homo_sapiens/cbec7853-d996-4493-bbf8-5d82857a4e51/full.zarr.zip	1669385496	13.434747226536274	6	1234	ok
converted	ce009dc1-ac57-4386-b72f-5c575701c253	/mnt/shared-storage-user/dnacoding/wangzhongqi/Data/cellxgene/Homo_sapiens/ce009dc1-ac57-4386-b72f-5c575701c253/full.zarr.zip	27626571	0.31756697595119476	6	22	ok
converted	cee9b331-3ba0-4461-8bbd-867819d9fc0a	/mnt/shared-storage-user/dnacoding/wangzhongqi/Data/cellxgene/Homo_sapiens/cee9b331-3ba0-4461-8bbd-867819d9fc0a/full.zarr.zip	468733968	2.2537232264876366	6	280	ok
converted	cdbff22b-a287-460d-afae-7b497e403491	/mnt/shared-storage-user/dnacoding/wangzhongqi/Data/cellxgene/Homo_sapiens/cdbff22b-a287-460d-afae-7b497e403491/full.zarr.zip	600952724	5.09106969460845	6	626	ok
converted	cfa3c355-ee77-4fc8-9a00-78e61d23024c	/mnt/shared-storage-user/dnacoding/wangzhongqi/Data/cellxgene/Homo_sapiens/cfa3c355-ee77-4fc8-9a00-78e61d23024c/full.zarr.zip	217022214	1.1512882970273495	6	114	ok
converted	cf83c98a-3791-4537-bbde-a719f6d73c13	/mnt/shared-storage-user/dnacoding/wangzhongqi/Data/cellxgene/Homo_sapiens/cf83c98a-3791-4537-bbde-a719f6d73c13/full.zarr.zip	600336313	3.6241054832935333	3	571	ok
converted	ca7d95ac-53aa-4a94-8c76-300c608ce6a0	/mnt/shared-storage-user/dnacoding/wangzhongqi/Data/cellxgene/Homo_sapiens/ca7d95ac-53aa-4a94-8c76-300c608ce6a0/full.zarr.zip	4283256208	27.827507346868515	6	2886	ok
converted	d02287f3-408b-438d-9131-999e460cbd0e	/mnt/shared-storage-user/dnacoding/wangzhongqi/Data/cellxgene/Homo_sapiens/d02287f3-408b-438d-9131-999e460cbd0e/full.zarr.zip	378768742	2.74625838175416	3	413	ok
converted	d1207c81-7309-43a7-a5a0-f4283670b62b	/mnt/shared-storage-user/dnacoding/wangzhongqi/Data/cellxgene/Homo_sapiens/d1207c81-7309-43a7-a5a0-f4283670b62b/full.zarr.zip	284788161	1.7098109014332294	6	158	ok
converted	d18736c3-6292-4379-919a-d6d973204c87	/mnt/shared-storage-user/dnacoding/wangzhongqi/Data/cellxgene/Homo_sapiens/d18736c3-6292-4379-919a-d6d973204c87/full.zarr.zip	225465931	1.5583115592598915	6	128	ok
converted	cd2f23c1-aef1-48ae-8eb4-0bcf124e567d	/mnt/shared-storage-user/dnacoding/wangzhongqi/Data/cellxgene/Homo_sapiens/cd2f23c1-aef1-48ae-8eb4-0bcf124e567d/full.zarr.zip	3291527322	16.55003907904029	6	1686	ok
converted	d2514440-d747-4d8d-b2c7-b58ef8b71fbe	/mnt/shared-storage-user/dnacoding/wangzhongqi/Data/cellxgene/Homo_sapiens/d2514440-d747-4d8d-b2c7-b58ef8b71fbe/full.zarr.zip	390171300	2.820871088653803	3	433	ok
converted	d2bc2703-a9b5-4949-b85d-61da7b9961b1	/mnt/shared-storage-user/dnacoding/wangzhongqi/Data/cellxgene/Homo_sapiens/d2bc2703-a9b5-4949-b85d-61da7b9961b1/full.zarr.zip	39452765	0.33791930601000786	6	30	ok
converted	d288b10a-643e-44bd-b451-96e9588b2ee5	/mnt/shared-storage-user/dnacoding/wangzhongqi/Data/cellxgene/Homo_sapiens/d288b10a-643e-44bd-b451-96e9588b2ee5/full.zarr.zip	375874955	2.6272015012800694	3	409	ok
converted	d3566d6a-a455-4a15-980f-45eb29114cab	/mnt/shared-storage-user/dnacoding/wangzhongqi/Data/cellxgene/Homo_sapiens/d3566d6a-a455-4a15-980f-45eb29114cab/full.zarr.zip	11818902	0.14543938636779785	6	10	ok
converted	d2b5efc1-14c6-4b5f-bd98-40f9084872d7	/mnt/shared-storage-user/dnacoding/wangzhongqi/Data/cellxgene/Homo_sapiens/d2b5efc1-14c6-4b5f-bd98-40f9084872d7/full.zarr.zip	414013623	2.753261271864176	3	453	ok
converted	d3d4baff-d142-4f13-acc6-96a4ef6a3e95	/mnt/shared-storage-user/dnacoding/wangzhongqi/Data/cellxgene/Homo_sapiens/d3d4baff-d142-4f13-acc6-96a4ef6a3e95/full.zarr.zip	81301305	0.7398466058075428	6	62	ok
converted	d319af7f-be2e-441e-8caa-3b8a88480e89	/mnt/shared-storage-user/dnacoding/wangzhongqi/Data/cellxgene/Homo_sapiens/d319af7f-be2e-441e-8caa-3b8a88480e89/full.zarr.zip	389033437	2.6588937304913998	6	258	ok
converted	cda2c8cd-be1c-42e5-b2cd-162caa1c4ce7	/mnt/shared-storage-user/dnacoding/wangzhongqi/Data/cellxgene/Homo_sapiens/cda2c8cd-be1c-42e5-b2cd-162caa1c4ce7/full.zarr.zip	3000134408	21.033541582524776	6	2194	ok
converted	d41f45c1-1b7b-4573-a998-ac5c5acb1647	/mnt/shared-storage-user/dnacoding/wangzhongqi/Data/cellxgene/Homo_sapiens/d41f45c1-1b7b-4573-a998-ac5c5acb1647/full.zarr.zip	717056520	5.131672166287899	6	486	ok
converted	d5452b83-7c3d-4d7c-ab7a-c7fece7196c5	/mnt/shared-storage-user/dnacoding/wangzhongqi/Data/cellxgene/Homo_sapiens/d5452b83-7c3d-4d7c-ab7a-c7fece7196c5/full.zarr.zip	82270901	0.6396277658641338	3	87	ok
converted	d51dc6f3-de9d-4695-8ad9-ffcf94876e0f	/mnt/shared-storage-user/dnacoding/wangzhongqi/Data/cellxgene/Homo_sapiens/d51dc6f3-de9d-4695-8ad9-ffcf94876e0f/full.zarr.zip	208014441	1.6608946025371552	6	142	ok
converted	d582f63a-3c88-4e38-8cd3-8682dbe40f64	/mnt/shared-storage-user/dnacoding/wangzhongqi/Data/cellxgene/Homo_sapiens/d582f63a-3c88-4e38-8cd3-8682dbe40f64/full.zarr.zip	336989479	2.2937391363084316	3	369	ok
converted	d5a2d011-3765-4dad-ac36-3fff087589fe	/mnt/shared-storage-user/dnacoding/wangzhongqi/Data/cellxgene/Homo_sapiens/d5a2d011-3765-4dad-ac36-3fff087589fe/full.zarr.zip	719079607	2.9542032070457935	7	313	ok
converted	d5c67a4e-a8d9-456d-a273-fa01adb1b308	/mnt/shared-storage-user/dnacoding/wangzhongqi/Data/cellxgene/Homo_sapiens/d5c67a4e-a8d9-456d-a273-fa01adb1b308/full.zarr.zip	196072576	1.336158350110054	6	126	ok
converted	d4e69e01-3ba2-4d6b-a15d-e7048f78f22e	/mnt/shared-storage-user/dnacoding/wangzhongqi/Data/cellxgene/Homo_sapiens/d4e69e01-3ba2-4d6b-a15d-e7048f78f22e/full.zarr.zip	3351577573	25.129095163196325	6	2442	ok
converted	ae4f8ddd-cac9-4172-9681-2175da462f2e	/mnt/shared-storage-user/dnacoding/wangzhongqi/Data/cellxgene/Homo_sapiens/ae4f8ddd-cac9-4172-9681-2175da462f2e/full.zarr.zip	33980782952	182.52224411442876	6	24842	ok
converted	d6a5b240-cc8f-45c1-ad36-2fc291e15e8e	/mnt/shared-storage-user/dnacoding/wangzhongqi/Data/cellxgene/Homo_sapiens/d6a5b240-cc8f-45c1-ad36-2fc291e15e8e/full.zarr.zip	253386156	1.8821109868586063	3	275	ok
converted	d68a8b48-abf0-4bd5-8834-155d34ec448a	/mnt/shared-storage-user/dnacoding/wangzhongqi/Data/cellxgene/Homo_sapiens/d68a8b48-abf0-4bd5-8834-155d34ec448a/full.zarr.zip	2132650496	13.683270025998354	6	1514	ok
converted	cff99df2-4904-44f7-9173-ff837f95606e	/mnt/shared-storage-user/dnacoding/wangzhongqi/Data/cellxgene/Homo_sapiens/cff99df2-4904-44f7-9173-ff837f95606e/full.zarr.zip	6979492078	48.347210455685854	12	5338	ok
converted	d7cff847-6403-44a6-ad8a-2f5a783639dd	/mnt/shared-storage-user/dnacoding/wangzhongqi/Data/cellxgene/Homo_sapiens/d7cff847-6403-44a6-ad8a-2f5a783639dd/full.zarr.zip	198483875	1.1694563440978527	3	189	ok
converted	d7d7e89c-c93a-422d-8958-9b4a90b69558	/mnt/shared-storage-user/dnacoding/wangzhongqi/Data/cellxgene/Homo_sapiens/d7d7e89c-c93a-422d-8958-9b4a90b69558/full.zarr.zip	168226711	1.2667982801795006	6	118	ok
converted	d7dcfd8f-2ee7-4385-b9ac-e074c23ed190	/mnt/shared-storage-user/dnacoding/wangzhongqi/Data/cellxgene/Homo_sapiens/d7dcfd8f-2ee7-4385-b9ac-e074c23ed190/full.zarr.zip	409926350	3.164423033595085	6	290	ok
converted	d567b692-c374-4628-a508-8008f6778f22	/mnt/shared-storage-user/dnacoding/wangzhongqi/Data/cellxgene/Homo_sapiens/d567b692-c374-4628-a508-8008f6778f22/full.zarr.zip	5755929214	41.6338339522481	6	4182	ok
converted	d8da613f-e681-4c69-b463-e94f5e66847f	/mnt/shared-storage-user/dnacoding/wangzhongqi/Data/cellxgene/Homo_sapiens/d8da613f-e681-4c69-b463-e94f5e66847f/full.zarr.zip	541678078	4.393302638083696	6	438	ok
converted	d6dfdef1-406d-4efb-808c-3c5eddbfe0cb	/mnt/shared-storage-user/dnacoding/wangzhongqi/Data/cellxgene/Homo_sapiens/d6dfdef1-406d-4efb-808c-3c5eddbfe0cb/full.zarr.zip	5740377971	23.91434297338128	6	3652	ok
converted	d973ea15-3722-4bc8-a0e8-1d956d26e203	/mnt/shared-storage-user/dnacoding/wangzhongqi/Data/cellxgene/Homo_sapiens/d973ea15-3722-4bc8-a0e8-1d956d26e203/full.zarr.zip	26441644	0.34503716975450516	6	22	ok
converted	d967b47c-a9e6-4337-b2f4-977f690cb67f	/mnt/shared-storage-user/dnacoding/wangzhongqi/Data/cellxgene/Homo_sapiens/d967b47c-a9e6-4337-b2f4-977f690cb67f/full.zarr.zip	569818230	3.5479090102016926	6	574	ok
converted	d71c6645-7ecb-4396-9c80-04d2749ab2e0	/mnt/shared-storage-user/dnacoding/wangzhongqi/Data/cellxgene/Homo_sapiens/d71c6645-7ecb-4396-9c80-04d2749ab2e0/full.zarr.zip	2240461991	16.951198682188988	6	1724	ok
converted	d995b85b-69f2-48f4-b6ec-0b7bffd120f5	/mnt/shared-storage-user/dnacoding/wangzhongqi/Data/cellxgene/Homo_sapiens/d995b85b-69f2-48f4-b6ec-0b7bffd120f5/full.zarr.zip	400450927	2.822441950440407	6	274	ok
converted	db1d2c1b-2ee1-45d5-9d53-69a327cd77e6	/mnt/shared-storage-user/dnacoding/wangzhongqi/Data/cellxgene/Homo_sapiens/db1d2c1b-2ee1-45d5-9d53-69a327cd77e6/full.zarr.zip	293443738	1.9674006588757038	3	321	ok
converted	db59611b-42de-4035-93aa-1ed39f38b467	/mnt/shared-storage-user/dnacoding/wangzhongqi/Data/cellxgene/Homo_sapiens/db59611b-42de-4035-93aa-1ed39f38b467/full.zarr.zip	138645559	1.217077661305666	6	102	ok
converted	dbf0bd35-87f8-4b25-bc90-a3c54f379907	/mnt/shared-storage-user/dnacoding/wangzhongqi/Data/cellxgene/Homo_sapiens/dbf0bd35-87f8-4b25-bc90-a3c54f379907/full.zarr.zip	27261652	0.353361539542675	6	22	ok
converted	dc30c3ec-46d6-4cd8-8ec1-b544a3d0f503	/mnt/shared-storage-user/dnacoding/wangzhongqi/Data/cellxgene/Homo_sapiens/dc30c3ec-46d6-4cd8-8ec1-b544a3d0f503/full.zarr.zip	34313248	0.31435101106762886	3	39	ok
converted	dd03ce70-3243-4c96-9561-330cc461e4d7	/mnt/shared-storage-user/dnacoding/wangzhongqi/Data/cellxgene/Homo_sapiens/dd03ce70-3243-4c96-9561-330cc461e4d7/full.zarr.zip	269390058	1.9456477873027325	3	293	ok
converted	c838aec3-03ef-4398-b882-0e3912abfff0	/mnt/shared-storage-user/dnacoding/wangzhongqi/Data/cellxgene/Homo_sapiens/c838aec3-03ef-4398-b882-0e3912abfff0/full.zarr.zip	15962407853	115.64638558030128	6	10172	ok
converted	d9f3a82c-24bb-4277-b715-8ec92a33dd32	/mnt/shared-storage-user/dnacoding/wangzhongqi/Data/cellxgene/Homo_sapiens/d9f3a82c-24bb-4277-b715-8ec92a33dd32/full.zarr.zip	1099522669	7.1231437884271145	3	1161	ok
converted	de2c780c-1747-40bd-9ccf-9588ec186cee	/mnt/shared-storage-user/dnacoding/wangzhongqi/Data/cellxgene/Homo_sapiens/de2c780c-1747-40bd-9ccf-9588ec186cee/full.zarr.zip	216348378	1.405667208135128	3	231	ok
converted	de94c504-4b58-4f42-b68d-74a8e4892f0e	/mnt/shared-storage-user/dnacoding/wangzhongqi/Data/cellxgene/Homo_sapiens/de94c504-4b58-4f42-b68d-74a8e4892f0e/full.zarr.zip	161470227	1.3510184586048126	6	114	ok
converted	ddb22b3d-a75c-4dd1-9730-dff7fc8ca530	/mnt/shared-storage-user/dnacoding/wangzhongqi/Data/cellxgene/Homo_sapiens/ddb22b3d-a75c-4dd1-9730-dff7fc8ca530/full.zarr.zip	918341690	5.0780143439769745	6	508	ok
converted	de985818-285f-4f59-9dbd-d74968fddba3	/mnt/shared-storage-user/dnacoding/wangzhongqi/Data/cellxgene/Homo_sapiens/de985818-285f-4f59-9dbd-d74968fddba3/full.zarr.zip	410780423	3.1324159130454063	6	270	ok
converted	dea1aa78-c0a2-413f-b375-f91cce49e4d0	/mnt/shared-storage-user/dnacoding/wangzhongqi/Data/cellxgene/Homo_sapiens/dea1aa78-c0a2-413f-b375-f91cce49e4d0/full.zarr.zip	579789204	3.7236491292715073	3	631	ok
converted	df1edb87-e512-43ae-b5f4-cb179cfc2bb4	/mnt/shared-storage-user/dnacoding/wangzhongqi/Data/cellxgene/Homo_sapiens/df1edb87-e512-43ae-b5f4-cb179cfc2bb4/full.zarr.zip	499349192	3.906845338642597	6	354	ok
converted	e067e5ca-e53e-485f-aa8e-efd5435229c8	/mnt/shared-storage-user/dnacoding/wangzhongqi/Data/cellxgene/Homo_sapiens/e067e5ca-e53e-485f-aa8e-efd5435229c8/full.zarr.zip	413746732	3.0924974866211414	6	326	ok
converted	e2094676-d4d5-400c-afa5-7ca3ec09025c	/mnt/shared-storage-user/dnacoding/wangzhongqi/Data/cellxgene/Homo_sapiens/e2094676-d4d5-400c-afa5-7ca3ec09025c/full.zarr.zip	95092486	0.7883358150720596	6	70	ok
converted	e22482ee-19e8-40bc-9f6e-541dc3c82c20	/mnt/shared-storage-user/dnacoding/wangzhongqi/Data/cellxgene/Homo_sapiens/e22482ee-19e8-40bc-9f6e-541dc3c82c20/full.zarr.zip	212871587	1.8714346960186958	6	166	ok
converted	e1f595f6-ba2c-495e-9bee-7056f116b1e4	/mnt/shared-storage-user/dnacoding/wangzhongqi/Data/cellxgene/Homo_sapiens/e1f595f6-ba2c-495e-9bee-7056f116b1e4/full.zarr.zip	1046737776	6.911708250641823	3	1135	ok
converted	e2a325e2-5633-4950-ae46-ebff70979e3b	/mnt/shared-storage-user/dnacoding/wangzhongqi/Data/cellxgene/Homo_sapiens/e2a325e2-5633-4950-ae46-ebff70979e3b/full.zarr.zip	430124116	1.8540770411491394	7	185	ok
converted	e347396c-a7ff-4691-9f7a-99a43555ca18	/mnt/shared-storage-user/dnacoding/wangzhongqi/Data/cellxgene/Homo_sapiens/e347396c-a7ff-4691-9f7a-99a43555ca18/full.zarr.zip	11574710	0.12825998291373253	6	10	ok
converted	e2a00644-0a48-4815-ae87-d562045114f5	/mnt/shared-storage-user/dnacoding/wangzhongqi/Data/cellxgene/Homo_sapiens/e2a00644-0a48-4815-ae87-d562045114f5/full.zarr.zip	1260537828	8.785738218575716	6	898	ok
converted	e3cc5b85-62ec-4add-bee3-73c8fd11e59d	/mnt/shared-storage-user/dnacoding/wangzhongqi/Data/cellxgene/Homo_sapiens/e3cc5b85-62ec-4add-bee3-73c8fd11e59d/full.zarr.zip	423289735	2.773218184709549	6	290	ok
converted	e3ed2ba4-edf5-40ac-8750-8a417ad1eefe	/mnt/shared-storage-user/dnacoding/wangzhongqi/Data/cellxgene/Homo_sapiens/e3ed2ba4-edf5-40ac-8750-8a417ad1eefe/full.zarr.zip	731974882	5.594112683087587	6	526	ok
converted	e34f3f89-3a48-4173-a06a-9e9803f2e2b9	/mnt/shared-storage-user/dnacoding/wangzhongqi/Data/cellxgene/Homo_sapiens/e34f3f89-3a48-4173-a06a-9e9803f2e2b9/full.zarr.zip	4312735106	13.350427895784378	7	1540	ok
converted	e500acbf-f166-4c46-b290-f93506cf26d3	/mnt/shared-storage-user/dnacoding/wangzhongqi/Data/cellxgene/Homo_sapiens/e500acbf-f166-4c46-b290-f93506cf26d3/full.zarr.zip	505225763	3.794125609099865	6	346	ok
converted	e2808a6e-e2ea-41b9-b38c-4a08f1677f02	/mnt/shared-storage-user/dnacoding/wangzhongqi/Data/cellxgene/Homo_sapiens/e2808a6e-e2ea-41b9-b38c-4a08f1677f02/full.zarr.zip	3980576735	27.974868491292	6	2902	ok
converted	de5416ef-bbfa-41f3-99d4-01a3554173f5	/mnt/shared-storage-user/dnacoding/wangzhongqi/Data/cellxgene/Homo_sapiens/de5416ef-bbfa-41f3-99d4-01a3554173f5/full.zarr.zip	6087435202	42.42790462821722	6	3978	ok
converted	e5b1115b-a486-49bb-bda3-8261822836e0	/mnt/shared-storage-user/dnacoding/wangzhongqi/Data/cellxgene/Homo_sapiens/e5b1115b-a486-49bb-bda3-8261822836e0/full.zarr.zip	288513089	1.9842844903469086	3	313	ok
converted	e5f5d954-cf0e-4bd8-9346-8d1ddf15a08b	/mnt/shared-storage-user/dnacoding/wangzhongqi/Data/cellxgene/Homo_sapiens/e5f5d954-cf0e-4bd8-9346-8d1ddf15a08b/full.zarr.zip	23146249	0.30333641916513443	6	22	ok
converted	e6361237-ac4e-4c5d-ad8f-f16aca0c0a8f	/mnt/shared-storage-user/dnacoding/wangzhongqi/Data/cellxgene/Homo_sapiens/e6361237-ac4e-4c5d-ad8f-f16aca0c0a8f/full.zarr.zip	1485109600	9.9161990955472	6	958	ok
converted	e51bae9a-c747-4b64-904a-4da7cda218ab	/mnt/shared-storage-user/dnacoding/wangzhongqi/Data/cellxgene/Homo_sapiens/e51bae9a-c747-4b64-904a-4da7cda218ab/full.zarr.zip	5127702774	24.747747246176004	6	3194	ok
converted	e6dad530-418b-47f9-af6e-472e56a7b314	/mnt/shared-storage-user/dnacoding/wangzhongqi/Data/cellxgene/Homo_sapiens/e6dad530-418b-47f9-af6e-472e56a7b314/full.zarr.zip	933498927	8.266429539769888	6	802	ok
converted	e40c6272-af77-4a10-9385-62a398884f27	/mnt/shared-storage-user/dnacoding/wangzhongqi/Data/cellxgene/Homo_sapiens/e40c6272-af77-4a10-9385-62a398884f27/full.zarr.zip	7520510892	38.51746188104153	6	4536	ok
converted	e7bd68ab-df49-44df-9b1e-8486114aeeb5	/mnt/shared-storage-user/dnacoding/wangzhongqi/Data/cellxgene/Homo_sapiens/e7bd68ab-df49-44df-9b1e-8486114aeeb5/full.zarr.zip	1638023370	11.774027973413467	6	1074	ok
converted	e8681d74-ac9e-4be5-be14-1cf1bbd54dd7	/mnt/shared-storage-user/dnacoding/wangzhongqi/Data/cellxgene/Homo_sapiens/e8681d74-ac9e-4be5-be14-1cf1bbd54dd7/full.zarr.zip	308825589	2.1925005726516247	3	339	ok
converted	e7c5ba7e-4be0-4696-af50-a07d0dc7aac5	/mnt/shared-storage-user/dnacoding/wangzhongqi/Data/cellxgene/Homo_sapiens/e7c5ba7e-4be0-4696-af50-a07d0dc7aac5/full.zarr.zip	1209121957	8.99520742893219	6	830	ok
converted	ea01c125-67a7-4bd3-a8b0-e1b53a011b7e	/mnt/shared-storage-user/dnacoding/wangzhongqi/Data/cellxgene/Homo_sapiens/ea01c125-67a7-4bd3-a8b0-e1b53a011b7e/full.zarr.zip	85796652	0.754712276160717	6	62	ok
converted	ea786a06-5855-48b7-80d7-0313a21a2044	/mnt/shared-storage-user/dnacoding/wangzhongqi/Data/cellxgene/Homo_sapiens/ea786a06-5855-48b7-80d7-0313a21a2044/full.zarr.zip	30052658	0.37252143397927284	6	26	ok
converted	e84f2780-51e8-4cfa-8aa0-13bbfef677c7	/mnt/shared-storage-user/dnacoding/wangzhongqi/Data/cellxgene/Homo_sapiens/e84f2780-51e8-4cfa-8aa0-13bbfef677c7/full.zarr.zip	1231817462	9.530599132180214	6	864	ok
converted	ea95cdd5-cf7e-4d5d-a0bd-032776d32ae5	/mnt/shared-storage-user/dnacoding/wangzhongqi/Data/cellxgene/Homo_sapiens/ea95cdd5-cf7e-4d5d-a0bd-032776d32ae5/full.zarr.zip	1327891565	4.82472413033247	7	533	ok
converted	ebaaa22f-fbaa-4a9c-aa62-b938a4e2d319	/mnt/shared-storage-user/dnacoding/wangzhongqi/Data/cellxgene/Homo_sapiens/ebaaa22f-fbaa-4a9c-aa62-b938a4e2d319/full.zarr.zip	267866390	2.0672049075365067	6	182	ok
converted	eb499fd8-7000-419f-8854-926b9b61b11f	/mnt/shared-storage-user/dnacoding/wangzhongqi/Data/cellxgene/Homo_sapiens/eb499fd8-7000-419f-8854-926b9b61b11f/full.zarr.zip	5009674446	32.31013264507055	6	3054	ok
converted	ec6ceff8-c8bc-488d-b6bf-30df2fa92169	/mnt/shared-storage-user/dnacoding/wangzhongqi/Data/cellxgene/Homo_sapiens/ec6ceff8-c8bc-488d-b6bf-30df2fa92169/full.zarr.zip	995055079	7.919615086168051	6	734	ok
converted	ecce9688-66ea-4600-98f7-84aed7421c01	/mnt/shared-storage-user/dnacoding/wangzhongqi/Data/cellxgene/Homo_sapiens/ecce9688-66ea-4600-98f7-84aed7421c01/full.zarr.zip	2024125296	9.13863679766655	6	1254	ok
converted	ecd9230d-c571-4dab-abd3-8b54c74833f0	/mnt/shared-storage-user/dnacoding/wangzhongqi/Data/cellxgene/Homo_sapiens/ecd9230d-c571-4dab-abd3-8b54c74833f0/full.zarr.zip	369087402	2.498886339366436	3	405	ok
converted	ed11cc3e-2947-407c-883c-c53b043917c3	/mnt/shared-storage-user/dnacoding/wangzhongqi/Data/cellxgene/Homo_sapiens/ed11cc3e-2947-407c-883c-c53b043917c3/full.zarr.zip	82447790	0.6191286705434322	3	87	ok
converted	ed33c203-233a-476a-a56b-28da945fdd32	/mnt/shared-storage-user/dnacoding/wangzhongqi/Data/cellxgene/Homo_sapiens/ed33c203-233a-476a-a56b-28da945fdd32/full.zarr.zip	307264408	2.105447106063366	3	333	ok
converted	ebc2e1ff-c8f9-466a-acf4-9d291afaf8b3	/mnt/shared-storage-user/dnacoding/wangzhongqi/Data/cellxgene/Homo_sapiens/ebc2e1ff-c8f9-466a-acf4-9d291afaf8b3/full.zarr.zip	6736883173	50.546883065253496	6	4554	ok
converted	e522d2cd-7927-4e59-a4ed-064009569279	/mnt/shared-storage-user/dnacoding/wangzhongqi/Data/cellxgene/Homo_sapiens/e522d2cd-7927-4e59-a4ed-064009569279/full.zarr.zip	11490689583	97.4765344299376	6	10498	ok
converted	ed9e9f96-4f08-49d2-bef5-b2c29adf3edc	/mnt/shared-storage-user/dnacoding/wangzhongqi/Data/cellxgene/Homo_sapiens/ed9e9f96-4f08-49d2-bef5-b2c29adf3edc/full.zarr.zip	65607356	0.7044040970504284	6	50	ok
converted	ed5d841d-6346-47d4-ab2f-7119ad7e3a35	/mnt/shared-storage-user/dnacoding/wangzhongqi/Data/cellxgene/Homo_sapiens/ed5d841d-6346-47d4-ab2f-7119ad7e3a35/full.zarr.zip	2525416822	17.202639151364565	9	2053	ok
converted	ed880090-465d-4477-9d98-70838ca288e3	/mnt/shared-storage-user/dnacoding/wangzhongqi/Data/cellxgene/Homo_sapiens/ed880090-465d-4477-9d98-70838ca288e3/full.zarr.zip	2952054333	20.560123778879642	6	1890	ok
converted	edbfa04a-f1dd-496a-8237-df11d70621ca	/mnt/shared-storage-user/dnacoding/wangzhongqi/Data/cellxgene/Homo_sapiens/edbfa04a-f1dd-496a-8237-df11d70621ca/full.zarr.zip	1105291144	7.8232271410524845	6	714	ok
converted	ee195b7d-184d-4dfa-9b1c-51a7e601ac11	/mnt/shared-storage-user/dnacoding/wangzhongqi/Data/cellxgene/Homo_sapiens/ee195b7d-184d-4dfa-9b1c-51a7e601ac11/full.zarr.zip	26892840	0.25805778056383133	3	29	ok
converted	eeacb0c1-2217-4cf6-b8ce-1f0fedf1b569	/mnt/shared-storage-user/dnacoding/wangzhongqi/Data/cellxgene/Homo_sapiens/eeacb0c1-2217-4cf6-b8ce-1f0fedf1b569/full.zarr.zip	146285563	1.1680886186659336	6	106	ok
converted	eec804b9-2ae5-44f0-a1b5-d721e21257de	/mnt/shared-storage-user/dnacoding/wangzhongqi/Data/cellxgene/Homo_sapiens/eec804b9-2ae5-44f0-a1b5-d721e21257de/full.zarr.zip	12219544	0.17246585339307785	6	10	ok
converted	edb69e37-d90e-4189-8e96-02f95881ead8	/mnt/shared-storage-user/dnacoding/wangzhongqi/Data/cellxgene/Homo_sapiens/edb69e37-d90e-4189-8e96-02f95881ead8/full.zarr.zip	4940617649	23.049317628145218	6	2798	ok
converted	ef1a4b05-540c-4f73-8ceb-49dfa800645d	/mnt/shared-storage-user/dnacoding/wangzhongqi/Data/cellxgene/Homo_sapiens/ef1a4b05-540c-4f73-8ceb-49dfa800645d/full.zarr.zip	787151317	4.460808977484703	6	490	ok
converted	f0e0575d-d64d-4418-809e-60789bf6c155	/mnt/shared-storage-user/dnacoding/wangzhongqi/Data/cellxgene/Homo_sapiens/f0e0575d-d64d-4418-809e-60789bf6c155/full.zarr.zip	29880614	0.40070248395204544	6	26	ok
converted	ef0fc6ac-4872-40e1-ab24-e445b19ca6e3	/mnt/shared-storage-user/dnacoding/wangzhongqi/Data/cellxgene/Homo_sapiens/ef0fc6ac-4872-40e1-ab24-e445b19ca6e3/full.zarr.zip	1190505735	6.454425096511841	12	720	ok
converted	d7f5d8d0-6150-48d7-b094-c34286ad11a1	/mnt/shared-storage-user/dnacoding/wangzhongqi/Data/cellxgene/Homo_sapiens/d7f5d8d0-6150-48d7-b094-c34286ad11a1/full.zarr.zip	22674104984	177.85919816046953	6	16738	ok
converted	f156606a-dd9a-49fd-bc40-0e069b6cf07c	/mnt/shared-storage-user/dnacoding/wangzhongqi/Data/cellxgene/Homo_sapiens/f156606a-dd9a-49fd-bc40-0e069b6cf07c/full.zarr.zip	82900183	0.807652086019516	6	62	ok
converted	f15e263b-6544-46cb-a46e-e33ab7ce8347	/mnt/shared-storage-user/dnacoding/wangzhongqi/Data/cellxgene/Homo_sapiens/f15e263b-6544-46cb-a46e-e33ab7ce8347/full.zarr.zip	180552312	1.5604361593723297	6	130	ok
converted	edc8d3fe-153c-4e3d-8be0-2108d30f8d70	/mnt/shared-storage-user/dnacoding/wangzhongqi/Data/cellxgene/Homo_sapiens/edc8d3fe-153c-4e3d-8be0-2108d30f8d70/full.zarr.zip	3068518458	15.861460912972689	6	1962	ok
converted	f20f44ef-a0d4-4d94-87de-037fd47141f0	/mnt/shared-storage-user/dnacoding/wangzhongqi/Data/cellxgene/Homo_sapiens/f20f44ef-a0d4-4d94-87de-037fd47141f0/full.zarr.zip	163143257	1.2485051937401295	3	183	ok
converted	f0f0d7c4-3bec-428e-9539-c99d36548d96	/mnt/shared-storage-user/dnacoding/wangzhongqi/Data/cellxgene/Homo_sapiens/f0f0d7c4-3bec-428e-9539-c99d36548d96/full.zarr.zip	999570871	6.503788355737925	6	814	ok
converted	f3565fda-499a-4d20-bd92-563c09954c42	/mnt/shared-storage-user/dnacoding/wangzhongqi/Data/cellxgene/Homo_sapiens/f3565fda-499a-4d20-bd92-563c09954c42/full.zarr.zip	183227242	1.3531290851533413	3	201	ok
converted	f3c49918-4707-4d92-bb6d-2b5b4eb9d1b4	/mnt/shared-storage-user/dnacoding/wangzhongqi/Data/cellxgene/Homo_sapiens/f3c49918-4707-4d92-bb6d-2b5b4eb9d1b4/full.zarr.zip	112457676	0.7508037500083447	3	103	ok
converted	f3ee7613-b27f-4deb-a5aa-1d4f9a2db963	/mnt/shared-storage-user/dnacoding/wangzhongqi/Data/cellxgene/Homo_sapiens/f3ee7613-b27f-4deb-a5aa-1d4f9a2db963/full.zarr.zip	80388398	0.6319462358951569	6	50	ok
converted	f3fd3f55-8eb1-4918-8ae8-5f735adbae0e	/mnt/shared-storage-user/dnacoding/wangzhongqi/Data/cellxgene/Homo_sapiens/f3fd3f55-8eb1-4918-8ae8-5f735adbae0e/full.zarr.zip	562746526	4.131168734282255	6	384	ok
converted	f32c2c13-bb1a-4ffd-a457-60b64ecfa4cb	/mnt/shared-storage-user/dnacoding/wangzhongqi/Data/cellxgene/Homo_sapiens/f32c2c13-bb1a-4ffd-a457-60b64ecfa4cb/full.zarr.zip	1195965568	8.298972427845001	3	1289	ok
converted	f502c312-05dc-4fd4-a762-92a63e92b539	/mnt/shared-storage-user/dnacoding/wangzhongqi/Data/cellxgene/Homo_sapiens/f502c312-05dc-4fd4-a762-92a63e92b539/full.zarr.zip	316961799	2.3762353397905827	3	349	ok
converted	f512b8b6-369d-4a85-a695-116e0806857f	/mnt/shared-storage-user/dnacoding/wangzhongqi/Data/cellxgene/Homo_sapiens/f512b8b6-369d-4a85-a695-116e0806857f/full.zarr.zip	294172559	2.0496717132627964	6	324	ok
converted	f5a04dff-d394-4023-8811-65494e8bb11d	/mnt/shared-storage-user/dnacoding/wangzhongqi/Data/cellxgene/Homo_sapiens/f5a04dff-d394-4023-8811-65494e8bb11d/full.zarr.zip	364252846	2.606199461966753	3	393	ok
converted	f5be4b96-f5a3-4c3d-84ac-6f69daf744d5	/mnt/shared-storage-user/dnacoding/wangzhongqi/Data/cellxgene/Homo_sapiens/f5be4b96-f5a3-4c3d-84ac-6f69daf744d5/full.zarr.zip	76152707	0.6020753495395184	3	87	ok
converted	f5be9ed2-5d41-4a52-91e4-4ff24ff84900	/mnt/shared-storage-user/dnacoding/wangzhongqi/Data/cellxgene/Homo_sapiens/f5be9ed2-5d41-4a52-91e4-4ff24ff84900/full.zarr.zip	296477322	2.5753381550312042	6	222	ok
converted	f1606894-59df-4794-a37f-baa7c6fb6de1	/mnt/shared-storage-user/dnacoding/wangzhongqi/Data/cellxgene/Homo_sapiens/f1606894-59df-4794-a37f-baa7c6fb6de1/full.zarr.zip	2825157323	23.851637914776802	6	2442	ok
converted	f641d68a-e877-4bb8-afd7-b8fa3921d461	/mnt/shared-storage-user/dnacoding/wangzhongqi/Data/cellxgene/Homo_sapiens/f641d68a-e877-4bb8-afd7-b8fa3921d461/full.zarr.zip	856810726	5.637995421886444	6	522	ok
converted	f6d9f2ad-5ec7-4d53-b7f0-ceb0e7bcd181	/mnt/shared-storage-user/dnacoding/wangzhongqi/Data/cellxgene/Homo_sapiens/f6d9f2ad-5ec7-4d53-b7f0-ceb0e7bcd181/full.zarr.zip	37400654	0.34180114418268204	3	41	ok
converted	f6cc8a47-2dea-40aa-8608-d771c5ef8a07	/mnt/shared-storage-user/dnacoding/wangzhongqi/Data/cellxgene/Homo_sapiens/f6cc8a47-2dea-40aa-8608-d771c5ef8a07/full.zarr.zip	458250613	2.7212092578411102	6	308	ok
converted	f7ca7eb9-0919-4eba-99a1-21ba382b4174	/mnt/shared-storage-user/dnacoding/wangzhongqi/Data/cellxgene/Homo_sapiens/f7ca7eb9-0919-4eba-99a1-21ba382b4174/full.zarr.zip	355768210	2.42112622782588	6	234	ok
converted	f801b7a9-80a6-4d09-9161-71474deb58ae	/mnt/shared-storage-user/dnacoding/wangzhongqi/Data/cellxgene/Homo_sapiens/f801b7a9-80a6-4d09-9161-71474deb58ae/full.zarr.zip	66235815	0.6311367452144623	6	50	ok
converted	f8d8b443-bca6-4c3c-9042-669dfb7f8030	/mnt/shared-storage-user/dnacoding/wangzhongqi/Data/cellxgene/Homo_sapiens/f8d8b443-bca6-4c3c-9042-669dfb7f8030/full.zarr.zip	146919368	1.0130731239914894	3	163	ok
converted	f8dda921-5fb4-4c94-a654-c6fc346bfd6d	/mnt/shared-storage-user/dnacoding/wangzhongqi/Data/cellxgene/Homo_sapiens/f8dda921-5fb4-4c94-a654-c6fc346bfd6d/full.zarr.zip	294161092	1.9806315936148167	3	321	ok
converted	f14bc322-1322-4184-8d16-409557525ea5	/mnt/shared-storage-user/dnacoding/wangzhongqi/Data/cellxgene/Homo_sapiens/f14bc322-1322-4184-8d16-409557525ea5/full.zarr.zip	5190621292	35.72048808261752	6	3674	ok
converted	f9cfac8d-bff6-47a2-a1f6-503827d375f5	/mnt/shared-storage-user/dnacoding/wangzhongqi/Data/cellxgene/Homo_sapiens/f9cfac8d-bff6-47a2-a1f6-503827d375f5/full.zarr.zip	52390801	0.30083542317152023	7	29	ok
converted	f9034091-2e8f-4ac6-9874-e7b7eb566824	/mnt/shared-storage-user/dnacoding/wangzhongqi/Data/cellxgene/Homo_sapiens/f9034091-2e8f-4ac6-9874-e7b7eb566824/full.zarr.zip	180889877	1.3105302080512047	3	197	ok
converted	fa554686-fc07-44dd-b2de-b726d82d26ec	/mnt/shared-storage-user/dnacoding/wangzhongqi/Data/cellxgene/Homo_sapiens/fa554686-fc07-44dd-b2de-b726d82d26ec/full.zarr.zip	288237865	2.0138473100960255	3	309	ok
converted	f5b0810c-1664-4a62-ad06-be1d9964aa8b	/mnt/shared-storage-user/dnacoding/wangzhongqi/Data/cellxgene/Homo_sapiens/f5b0810c-1664-4a62-ad06-be1d9964aa8b/full.zarr.zip	3194274459	22.550491239875555	6	2322	ok
converted	fbdd8c17-b34a-4cbc-abc4-1aeaa294a538	/mnt/shared-storage-user/dnacoding/wangzhongqi/Data/cellxgene/Homo_sapiens/fbdd8c17-b34a-4cbc-abc4-1aeaa294a538/full.zarr.zip	84179797	0.6032044067978859	6	58	ok
converted	fbf173f9-f809-4d84-9b65-ae205d35b523	/mnt/shared-storage-user/dnacoding/wangzhongqi/Data/cellxgene/Homo_sapiens/fbf173f9-f809-4d84-9b65-ae205d35b523/full.zarr.zip	107111271	0.8236839957535267	3	115	ok
converted	fa8605cf-f27e-44af-ac2a-476bee4410d3	/mnt/shared-storage-user/dnacoding/wangzhongqi/Data/cellxgene/Homo_sapiens/fa8605cf-f27e-44af-ac2a-476bee4410d3/full.zarr.zip	462107668	3.72358376160264	6	326	ok
converted	fe1a73ab-a203-45fd-84e9-0f7fd19efcbd	/mnt/shared-storage-user/dnacoding/wangzhongqi/Data/cellxgene/Homo_sapiens/fe1a73ab-a203-45fd-84e9-0f7fd19efcbd/full.zarr.zip	313330464	2.272346258163452	3	339	ok
converted	fb5eeccf-3c2a-473c-b6e3-7a1dda18d42d	/mnt/shared-storage-user/dnacoding/wangzhongqi/Data/cellxgene/Homo_sapiens/fb5eeccf-3c2a-473c-b6e3-7a1dda18d42d/full.zarr.zip	1130707346	8.260592695325613	6	774	ok
converted	c2876b1b-06d8-4d96-a56b-5304f815b99a	/mnt/shared-storage-user/dnacoding/wangzhongqi/Data/cellxgene/Homo_sapiens/c2876b1b-06d8-4d96-a56b-5304f815b99a/full.zarr.zip	59473208981	346.1141982153058	6	30142	ok
converted	fe2479fd-daff-41a8-97dc-a50457ab1871	/mnt/shared-storage-user/dnacoding/wangzhongqi/Data/cellxgene/Homo_sapiens/fe2479fd-daff-41a8-97dc-a50457ab1871/full.zarr.zip	980461039	6.823034819215536	3	995	ok
converted	fe4b89d5-461e-440c-a5a8-621b37b122c0	/mnt/shared-storage-user/dnacoding/wangzhongqi/Data/cellxgene/Homo_sapiens/fe4b89d5-461e-440c-a5a8-621b37b122c0/full.zarr.zip	1077697214	9.171248976141214	6	818	ok
converted	d3cb449b-c2b1-4b50-a7f1-21203535fe61	/mnt/shared-storage-user/dnacoding/wangzhongqi/Data/cellxgene/Homo_sapiens/d3cb449b-c2b1-4b50-a7f1-21203535fe61/full.zarr.zip	36890224527	280.80084438622	6	26394	ok
converted	ff7d15fa-f4b6-4a0e-992e-fd0c9d088ded	/mnt/shared-storage-user/dnacoding/wangzhongqi/Data/cellxgene/Homo_sapiens/ff7d15fa-f4b6-4a0e-992e-fd0c9d088ded/full.zarr.zip	275692143	2.0125741325318813	3	301	ok
converted	fe7aae33-6f7c-41a5-8d29-9996a9ddf1ab	/mnt/shared-storage-user/dnacoding/wangzhongqi/Data/cellxgene/Homo_sapiens/fe7aae33-6f7c-41a5-8d29-9996a9ddf1ab/full.zarr.zip	4141761426	19.411985110491514	6	2484	ok
converted	f7c1c579-2dc0-47e2-ba19-8165c5a0e353	/mnt/shared-storage-user/dnacoding/wangzhongqi/Data/cellxgene/Homo_sapiens/f7c1c579-2dc0-47e2-ba19-8165c5a0e353/full.zarr.zip	17051451453	94.20396713912487	6	9520	ok
converted	fd072bc3-2dfb-46f8-b4e3-467cb3223182	/mnt/shared-storage-user/dnacoding/wangzhongqi/Data/cellxgene/Homo_sapiens/fd072bc3-2dfb-46f8-b4e3-467cb3223182/full.zarr.zip	11164798576	83.89156140014529	6	8214	ok
converted	d6505c89-c43d-4c28-8c4f-7351a5fd5528	/mnt/shared-storage-user/dnacoding/wangzhongqi/Data/cellxgene/Homo_sapiens/d6505c89-c43d-4c28-8c4f-7351a5fd5528/full.zarr.zip	46778763580	368.77248625457287	6	32952	ok
converted	e88a8e7c-0586-4690-8aa6-34efd7076f7a	/mnt/shared-storage-user/dnacoding/wangzhongqi/Data/cellxgene/Homo_sapiens/e88a8e7c-0586-4690-8aa6-34efd7076f7a/full.zarr.zip	40793223170	326.851718749851	6	29434	ok
converted	ff4235bb-1cdf-4dcf-a13a-dc4f32244400	/mnt/shared-storage-user/dnacoding/wangzhongqi/Data/cellxgene/Homo_sapiens/ff4235bb-1cdf-4dcf-a13a-dc4f32244400/full.zarr.zip	47579527193	385.9572392217815	6	36722	ok
